'free', 326
'get', 254
'want', 192
'give', 185
'please', 156
'missed', 116
'offer', 115
'first', 99
'subscription', 98
'try', 96
'callers', 94
'months', 85
'valid', 82
'netflix', 80
'1000', 79
'password', 73
'luck', 73
'6', 71
'promotional', 71
'username', 69
'one', 62
'u', 62
'nrc', 57
"'s", 56
'ğŸ‘ğŸ»', 55
'phone', 51
"n't", 51
'anyone', 47
'waiting', 46
'right', 46
'talk', 44
'mobile', 40
'ur', 39
'dial', 37
'ğŸ˜˜', 36
'dear', 33
'help', 33
"'m", 32
'protest', 32
'72', 31
'time', 31
'got', 30
'people', 29
'new', 29
'back', 29
'guys', 28
'register', 28
'data', 27
'hurry', 27
'bank', 26
'plz', 26
'save', 26
'show', 25
'hours', 25
'12', 25
'-', 24
'account', 24
'15', 24
'india', 24
'virgin', 24
'within', 24
'feel', 24
'getting', 24
'chance', 23
'limited', 23
'modi', 22
'freeğŸ˜', 22
'â˜ï¸', 22
'crush', 22
'91', 21
'goat', 21
'1', 21
'ğŸ‘‰ğŸ‘‰', 21
'lost', 20
'photoshop', 19
'ğŸ˜', 19
'callğŸ˜', 19
'thanks', 19
'mob', 19
'calling', 18
'pls', 18
'need', 18
'know', 18
'2', 18
'3', 18
'called', 18
'today', 17
'contact', 17
'go', 17
'love', 17
'virus', 16
'next', 16
'year', 16
'giving', 16
'bore', 16
'100', 15
'details', 15
'npr', 15
'gb', 15
'rs', 15
'good', 14
'balance', 14
'someone', 14
'follow', 14
'ğŸ‘', 14
'interested', 14
'chat', 14
'name', 14
'ready', 13
'share', 13
'na', 13
'single', 13
'would', 13
'tweet', 13
'days', 13
'see', 13
'indiaagainstcaa', 13
'world', 13
'connect', 13
'--', 13
'prime', 13
'amazon', 13
'let', 13
'thank', 12
'whatsapp', 12
'sunny', 12
'talking', 12
'say', 12
'win', 12
'indian', 12
'picking', 12
'update', 12
'ğŸ™ğŸ»', 12
'twitter', 12
'â¤ï¸', 12
'personal', 11
'news', 11
'ğŸ‘‡', 11
'7', 11
'ğŸ˜¨', 11
'ğŸ¤¨', 11
'plzz', 11
'bored', 10
'later', 10
'bjp', 10
'like', 10
'till', 10
'10', 10
'5', 10
'every', 10
'pm', 10
"'ll", 10
'tham', 10
'random', 10
'travelling', 10
'r', 10
'guess', 10
'ğŸ“²ğŸ“²', 10
'entire', 9
'money', 9
'lakhs', 9
'live', 9
'hi', 9
'ji', 9
'may', 9
'friends', 9
'month', 9
'come', 9
'president', 9
'iphone', 9
'hereğŸ˜š', 9
'ğŸ˜Š', 9
'hey', 9
'make', 9
'lucky', 9
'secret', 9
'tell', 9
'hy', 9
'mingle', 9
'followers', 8
'ka', 8
'toll', 8
'govt', 8
'hacked', 8
'check', 8
'really', 8
'report', 8
'government', 8
'best', 8
'porn', 8
'yes', 8
'wants', 8
'enjoy', 8
'upcoming', 8
'discount', 8
'swara', 8
'2020', 8
'also', 8
'unlimited', 8
'calls', 8
'paytm', 8
'true', 8
'day', 8
'kindly', 8
'years', 8
'cash', 8
'shah', 8
'5000', 8
'reach', 8
'even', 7
'wan', 7
'ğŸ™', 7
'connected', 7
'wiped', 7
'ğŸ˜‚', 7
'â€™', 7
'query', 7
'miscall', 7
'fascist', 7
'period', 7
'ğŸ˜œ', 7
'girls', 7
'rahul', 7
'claim', 7
'person', 7
'fascism', 7
'modishah', 7
'sir', 7
'lifetime', 7
'message', 7
'delivery', 7
'registered', 7
'fraud', 7
'ki', 7
'resign', 7
'hello', 7
'beautiful', 7
'viewerschoiceasim', 7
'ğŸ‘‰', 7
'us', 7
'voice', 7
'gt', 7
'found', 7
'ho', 7
'perfect', 7
'life', 6
'type', 6
'confusion', 6
'hot', 6
'service', 6
'ğŸ‘', 6
'line', 6
'job', 6
'hoors', 6
'etc', 6
'citizenship', 6
'pakistan', 6
'using', 6
'stay', 6
'pe', 6
'rt', 6
'media', 6
'act', 6
"'", 6
'gandhi', 6
'leone', 6
'fake', 6
'everything', 6
'donate', 6
'muslims', 6
'oppose', 6
'congress', 6
'gift', 6
'n', 6
'againstcaa', 6
'credited', 6
'already', 6
'h', 6
'open', 6
'hear', 6
'par', 6
'à¤­à¥‚à¤®à¤¾à¤«à¤¿à¤¯à¤¾', 6
'à¤•à¤¾à¤‚à¤—à¥à¤°à¥‡à¤¸', 6
'date', 6
'watch', 6
'breaking', 6
"'re", 6
'shy', 6
'forward', 6
'88662', 6
'cell', 5
'jio', 5
'delhi', 5
'asked', 5
'bro', 5
'copy', 5
'request', 5
'speak', 5
'cm', 5
'listen', 5
'directly', 5
'pizza', 5
'increase', 5
'family', 5
'indians', 5
'careful', 5
'code', 5
'leaked', 5
'kashmir', 5
'made', 5
'btw', 5
'sex', 5
'meet', 5
'video', 5
'âœŒï¸', 5
'ang', 5
'war', 5
'majdid', 5
'country', 5
'join', 5
'ğŸ™‚', 5
'ifany', 5
'press', 5
'zomato', 5
'address', 5
'might', 5
'99535', 5
'88585', 5
'aware', 5
'hai', 5
'dialing', 5
'think', 5
'food', 5
'50', 5
'hack', 5
'changed', 5
'11', 5
'work', 5
'operator', 5
'fall', 5
'anti', 5
'x', 5
'home', 5
'still', 5
'lines', 5
'somebody', 5
'khatun', 5
'â£ï¸', 5
'â˜ï¸8866288662', 5
'24', 5
'â˜ºï¸â˜ºï¸â˜ºï¸', 5
'ko', 4
'going', 4
'pay', 4
'pl', 4
'anybody', 4
'take', 4
'area', 4
'kar', 4
'police', 4
'videos', 4
'feeling', 4
'immediately', 4
'given', 4
'lodge', 4
'post', 4
'declared', 4
'following', 4
'left', 4
'issues', 4
'ğŸ˜„', 4
'aur', 4
'doorstep', 4
'caa2019', 4
'retweet', 4
'web', 4
'series', 4
'hate', 4
'away', 4
'breakingnews', 4
'stop', 4
'tried', 4
'fact', 4
'group', 4
'wow', 4
'available', 4
'ask', 4
'unesco', 4
'2000', 4
'history', 4
'issued', 4
'party', 4
'unbelievable', 4
'biryani', 4
'coupons', 4
'paradise', 4
'alpa', 4
'swiggy', 4
'uber', 4
'order', 4
'heard', 4
'ca', 4
'financial', 4
'doubts', 4
'linked', 4
'bad', 4
'paid', 4
'provide', 4
'per', 4
'asap', 4
'ye', 4
'ab', 4
'last', 4
'company', 4
'info', 4
'book', 4
'bangladeshi', 4
'amit', 4
'fans', 4
'gave', 4
'se', 4
'ke', 4
'liye', 4
'future', 4
'real', 4
'national', 4
'karo', 4
'urgent', 4
'wifi', 4
'numbers', 4
'problems', 4
'4', 4
'asking', 4
'pro', 4
'à¤®à¥‹à¤¦à¥€', 4
'à¤à¤‚à¤Ÿà¥€à¤¨à¥‡à¤¶à¤¨à¤²', 4
'à¤¹à¥ˆà¤‚', 4
'ğŸ˜ğŸŒ¹ğŸ«ğŸ‘ˆ', 4
'à¤œà¤¨', 4
'baba', 4
'pinky', 4
'aunty', 4
'disagree', 4
'ğŸ”“', 4
'jaihindğŸ‡®ğŸ‡³', 4
'sale', 4
'play', 3
'without', 3
'everyone', 3
'kejriwal', 3
'haters', 3
'two', 3
'yogi', 3
'jnu', 3
'viral', 3
'iran', 3
'9', 3
'*', 3
'trying', 3
'else', 3
'baby', 3
'complaint', 3
'released', 3
'friend', 3
'rupees', 3
'premium', 3
'kind', 3
'complain', 3
'card', 3
'city', 3
'jobs', 3
'birth', 3
'congratulations', 3
'spread', 3
'mr', 3
'started', 3
'poll', 3
'specially', 3
'urbannaxals', 3
'â€œ', 3
'â€', 3
'dinner', 3
'75', 3
'arfa', 3
'plans', 3
'week', 3
'explain', 3
'poor', 3
'revealed', 3
'send', 3
'birthday', 3
'girlfriend', 3
'access', 3
'plus', 3
'protests', 3
'solidarity', 3
'trump', 3
'start', 3
'protesters', 3
'bhaskar', 3
'exams', 3
'cashback', 3
'worth', 3
'instantly', 3
'*only', 3
'kyc', 3
'user*', 3
'girl', 3
'aids', 3
'simple', 3
'60', 3
'sarakku', 3
'house', 3
'hotstar', 3
'jan', 3
'kill', 3
'traveling', 3
'correct', 3
'confirm', 3
'six', 3
'saturdaymotivation', 3
'alone', 3
'wish', 3
'beware', 3
'many', 3
'forget', 3
'ğŸ˜‚ğŸ˜‚ğŸ˜‚ğŸ˜‚ğŸ˜‚', 3
'private', 3
'accounts', 3
'happy', 3
'wife', 3
'caller', 3
'coming', 3
'amazonprime', 3
'ğŸ˜', 3
'ğŸ˜Œ', 3
'documents', 3
'delivered', 3
'doorsteps', 3
'learn', 3
'hr', 3
'apply', 3
'dont', 3
'believe', 3
'never', 3
'brand', 3
'lakh', 3
'put', 3
'*8866288662*', 3
'used', 3
'better', 3
'enough', 3
'big', 3
'large', 3
'viwerschoiceasim', 3
'asim', 3
'ğŸ˜‚ğŸ˜‚ğŸ˜‚', 3
'loan', 3
'dating', 3
'paaye', 3
'91-8866288662', 3
'tryna', 3
'told', 3
'6months', 3
'done', 3
'jokes', 3
'special', 3
'sanghi', 3
'bhai', 3
'dialed', 3
'business', 3
'lac', 3
'horny', 3
'ğŸ˜‚ğŸ˜‚', 3
'delhielections2020', 3
'way', 3
'20', 3
'gold', 3
'ok', 3
'mine', 3
'internet', 3
'interest', 3
'amount', 3
'important', 3
'users', 3
'reduced', 3
'nil', 3
'cyber', 3
'biggbossseason13', 3
'bb13', 3
'apps', 3
'malware', 3
'exploited', 3
'steal', 3
'files', 3
'says', 3
'installed', 3
'*do', 3
'dial*', 3
'salary', 3
'azadi', 3
'certificate', 3
'man', 3
'aap', 3
'network', 3
'instant', 3
'strength', 3
'â˜ï¸â˜ï¸ğŸ“', 3
'works', 3
'haa', 3
'chalo', 3
'tumhare', 3
'kaam', 3
'cheez', 3
'leke', 3
'aaya', 3
'hu', 3
'5gb', 3
'age', 3
'sanghis', 3
'messaged', 3
'woofooo', 3
'ğŸ¤©ğŸ¥°ğŸ¤—ğŸ˜Š', 3
'swayamwar', 3
'8866288662ğŸ¤£ğŸ¤£ğŸ¤£ğŸ¤£', 3
'pass', 2
'college', 2
'happiness', 2
'edit', 2
'hav', 2
'connecting', 2
'saying', 2
'ever', 2
'akshay', 2
'kumar', 2
'bhakt', 2
'avail', 2
'treatment', 2
'clinic', 2
'wishes', 2
'jee', 2
'hoor', 2
'pleasure', 2
'replicte', 2
'duplicate', 2
'recive', 2
'otp', 2
'feed', 2
'bar', 2
'rahen', 2
'k', 2
'azaadi', 2
'finger', 2
'sun', 2
'well', 2
'cost', 2
'massage', 2
'liberals', 2
'absolutely', 2
'wire', 2
'youtube', 2
'propaganda', 2
'tweets', 2
'worldwarthree', 2
'worldwar3', 2
'ğŸ‘‡ğŸ‘‡ğŸ‘‡ğŸ‘‡', 2
'offers', 2
'anjan', 2
'jihad', 2
'suicide', 2
'vest', 2
'canadian', 2
'become', 2
'case', 2
'safe', 2
'trace', 2
'information', 2
'bankrupt', 2
'vijay', 2
'mallya', 2
'leave', 2
'biggest', 2
'editing', 2
'thinking', 2
'port', 2
'photo', 2
'ass', 2
'twins', 2
'parents', 2
'faster', 2
'dick', 2
'idea', 2
'part', 2
'spoke', 2
'words', 2
'photoshopped', 2
'social', 2
'retweets', 2
'hour', 2
'learning', 2
'skills', 2
'song', 2
'film', 2
'degree', 2
'political', 2
'tweeted', 2
'desperate', 2
'times', 2
'app', 2
'ğŸ“', 2
'viewing', 2
'worldwariii', 2
'wwiii', 2
'anything', 2
'add', 2
'stand', 2
'iraq', 2
'detention', 2
'p', 2
'declare', 2
'lying', 2
'om', 2
'notice', 2
'queries', 2
'including', 2
'minister', 2
'muslim', 2
'yrs', 2
'10000', 2
'propose', 2
'amazonprimevideo', 2
'subscriptions', 2
'immediate', 2
'italy', 2
'ex', 2
'dialling', 2
'masjid', 2
'okay', 2
'town', 2
'à¤¹à¥ˆ', 2
'sharekhan', 2
'lot', 2
'find', 2
'another', 2
'along', 2
'pack', 2
'actually', 2
'making', 2
'anymore', 2
'reading', 2
'*want', 2
'democracy', 2
'thodi', 2
'num', 2
'âœŒ', 2
'salman', 2
'cares', 2
'travel', 2
'folks', 2
'pornhub', 2
'onion', 2
'starts', 2
'verified', 2
'lemurians', 2
'great', 2
'crash', 2
'course', 2
'misscall', 2
'ğŸ¤£', 2
'five', 2
'imagine', 2
'ball', 2
'rotating', 2
'spinor', 2
'discuss', 2
'min', 2
'construction', 2
'firm', 2
'currently', 2
'openings', 2
'manager', 2
'posts', 2
'candidates', 2
'experience', 2
'ticket', 2
'omg', 2
'men', 2
'received', 2
'86', 2
'three', 2
'jaggery', 2
'pootharekulu', 2
'ğŸ’¥', 2
'à²œà²¿à²‚à²—', 2
'sell', 2
'study', 2
'material', 2
'half', 2
'â‚¹20k', 2
'à¤ªà¥à¤°à¤¿à¤¯à¤‚à¤•à¤¾à¤•à¤¾à¤¹à¤¾à¤¥à¤¦à¤‚à¤—à¤¾à¤‡à¤¯à¥‹à¤‚à¤•à¥‡', 2
'à¤¸à¤¾à¤¥', 2
'alt', 2
'lovely', 2
'friendship', 2
'receive', 2
'drug', 2
'khan', 2
'download', 2
'indiadoessupportcaa', 2
'brinjal', 2
'milkshake', 2
'selling', 2
'de', 2
'10gb', 2
'â™¥ï¸', 2
'sabhi', 2
'served', 2
'brain', 2
'concerned', 2
'hair', 2
'dedicated', 2
'team', 2
'singles', 2
'zuban', 2
'keshri', 2
'inc', 2
'wing', 2
'injured', 2
'biriyani', 2
'place', 2
'john', 2
'cena', 2
'inviting', 2
'missedcall', 2
'mere', 2
'log', 2
'ğŸ•', 2
'shall', 2
'meme', 2
'genius', 2
'could', 2
'google', 2
'anytime', 2
'whether', 2
"'ve", 2
'seculars', 2
'modiji', 2
'exciting', 2
'prize', 2
'lonely', 2
'ğŸ™ğŸ¾', 2
'har', 2
'quick', 2
'leony', 2
'farhan', 2
'ğŸ“²', 2
'tonight', 2
'desperately', 2
'package', 2
'bata', 2
'event', 2
"'d", 2
'tasty', 2
'orders', 2
'500', 2
'id', 2
'upto', 2
'sahi', 2
'uncle', 2
'ğŸ¤¬ğŸ¤¬ğŸ¤¬', 2
'winnersid', 2
'full', 2
'cll', 2
'nxt', 2
'gv', 2
'select', 2
'rashmidesai', 2
'gf', 2
'verify', 2
'helpline', 2
'working', 2
'old', 2
'high', 2
'golden', 2
'ğŸ˜˜ğŸ˜˜', 2
'status', 2
'msg', 2
'favorite', 2
'contestant', 2
'industry', 2
'services', 2
'development', 2
'cab', 2
'80', 2
'gang', 2
'relationship', 2
'marriage', 2
'conditions', 2
'apply*', 2
'un', 2
'apple', 2
'codes', 2
'opportunity', 2
'2gb', 2
'problem', 2
'agree', 2
'sexual', 2
'24x7', 2
'iss', 2
'ends', 2
'reply', 2
'1k', 2
'toh', 2
'koi', 2
'near', 2
'water', 2
'packets', 2
'lets', 2
'romantic', 2
'must', 2
'unlock', 2
'communal', 2
'la', 2
'ilaha', 2
'illallah', 2
'modilies', 2
'modifalls', 2
'amitshahresign', 2
'nanakanasahib', 2
'modidarespaklovers', 2
'bjpmuktbharat', 2
'clear', 2
'dying', 2
'meal', 2
'ğŸ¤©', 2
'kept', 2
'ğŸ¤™ğŸ»', 2
'wait', 2
'biggboss13', 2
'karein', 2
'dilli', 2
'kaisa', 2
'arvind', 2
'jaisa', 2
'movie', 2
'à¤®à¥‡à¤‚', 2
'à¤¸à¤¾à¤µà¤°à¤•à¤°', 2
'night', 2
'public', 2
'response', 2
'instead', 2
'marry', 2
'gets', 2
'spreading', 2
'cowards', 2
'threaten', 2
'guts', 2
'chatt', 2
'sid', 2
'petition', 2
'movement', 2
'luring', 2
'fine', 2
'bela', 2
'handles', 2
'train', 2
'toilet', 2
'blasted', 2
'ğŸ’•', 2
'plant', 2
'sapling', 2
'questions', 2
'69', 1
's*x', 1
'desh', 1
'nahi', 1
'lootne', 1
'dengeğŸ¤Ÿ', 1
'ğŸ˜8866288662', 1
'semesters', 1
'superpower2020', 1
'met', 1
'crazy', 1
'maybe', 1
'success', 1
'jammie', 1
'yearğŸ˜‚', 1
'photos', 1
'8076613532', 1
'raj', 1
'singh', 1
'behalf', 1
'picks', 1
'note', 1
'150newmohallaclinics', 1
'opened', 1
'mohalla', 1
'convey', 1
'warm', 1
'mamta', 1
"y'all", 1
'drugs', 1
'pochu', 1
'asapğŸ˜', 1
'saina', 1
'nehwal', 1
'paste', 1
'à®¨à®®à¯à®®', 1
'à®‡à®ªà¯à®ªà¯à®Ÿà®¿à®•à¯à®•à®¾', 1
'à®ªà¯‹à®µà¯‹à®®à¯', 1
'ğŸ˜', 1
'anger', 1
'kal', 1
'pura', 1
'main', 1
'patriotic', 1
'songs', 1
'baj', 1
'shayad', 1
'sare', 1
'bevade', 1
'gane', 1
'crimes', 1
'humanity', 1
'communists', 1
'hiring', 1
'equality', 1
'society', 1
'rid', 1
'helpline-8866288662', 1
'communist', 1
'icon-swara', 1
'bastard', 1
'bedi', 1
'sound', 1
'satisfactory', 1
'passes', 1
'sarileruneekevvaru', 1
'alavaikunthapurramuloo', 1
'audio', 1
'launch', 1
'featured', 1
'thequint', 1
'huffpost', 1
'exposing', 1
'celeb', 1
'ğŸ¤ª', 1
'fuel', 1
'prices', 1
'sky', 1
'rocket', 1
'moral', 1
'iranattack', 1
'freenetflixfor9months', 1
'rs15lac', 1
'promised', 1
'modigi', 1
'dead', 1
'evening', 1
'dua', 1
'islamic', 1
'expires', 1
'wanting', 1
'fkn', 1
'tickets', 1
'stretch', 1
'number-8866288662', 1
'busy', 1
'entertain', 1
'wanted', 1
'score', 1
'*red', 1
'alert', 1
'government*', 1
'terrorists', 1
'bomb', 1
'keep', 1
'plan', 1
'suggested', 1
'rob', 1
'0', 1
'giveaway', 1
'coupan', 1
'rts', 1
'ğŸ¤£ğŸ¤£ğŸ¤£', 1
'officially', 1
'announced', 1
'ridiculous', 1
'activity', 1
'images', 1
'porting', 1
'bolo', 1
'tairtel', 1
'second', 1
'couple', 1
'friendly', 1
'choices', 1
'bang', 1
'mental', 1
'morning', 1
'kre', 1
'pr', 1
'bigg', 1
'karwayeğŸ˜¬ğŸ˜‚ğŸ˜œ', 1
'personalized', 1
'horosopically', 1
'aligned', 1
'charts', 1
'lagna', 1
'patras', 1
'ğŸ’', 1
'knowledge', 1
'yesterday', 1
'went', 1
'star', 1
'saffron', 1
'sluts', 1
'silk', 1
'simita', 1
'srinagar', 1
'azad', 1
'decipher', 1
'virat', 1
'described', 1
'figure', 1
'yogendra', 1
'yadav', 1
'generation', 1
'depends', 1
'likes', 1
'list', 1
'count', 1
'increased', 1
'leli', 1
'nicely', 1
'worked', 1
'drives', 1
'gain', 1
'lifelong', 1
'supply', 1
'onions', 1
'\U0001f9c5', 1
'dharna', 1
'upset', 1
'offered', 1
'courses', 1
'sing', 1
'filter', 1
'ğŸ˜', 1
"'8866288662", 1
'science', 1
'isl', 1
'goal', 1
'applying', 1
'pension', 1
'propoganda', 1
'running', 1
'reserve', 1
'jannat', 1
'hater', 1
'overthrow', 1
'ğŸ˜‰ğŸ˜‚ğŸ˜‚ğŸ˜‚ğŸ˜‚ğŸ˜‚', 1
'jihadan', 1
'varun', 1
'grover', 1
'mc', 1
'bhim', 1
'army', 1
'happen', 1
'366', 1
'clarification', 1
'pawan', 1
'queue', 1
'autograph', 1
'knows', 1
'pervert-in-chief', 1
'chill', 1
'swiftly', 1
'shuts', 1
'entertainment', 1
'measures', 1
'arfafilter', 1
'basterd', 1
'oh', 1
'mean', 1
'ğŸ¤£ğŸ¤£ğŸ¤£ğŸ¤£', 1
'bhaktlogic', 1
'iraqwar', 1
'15lacks', 1
'promisedğŸ˜‰', 1
'goatğŸ', 1
'freaking', 1
'ğŸ™„', 1
'ğŸ˜’', 1
'masturbation', 1
'non', 1
'ungli', 1
'bai', 1
'fuck', 1
'happybirthdaydeepikapadukone', 1
'salt', 1
'pichar', 1
'plumbing', 1
'inhuman', 1
'orwellian', 1
'ğŸ†', 1
'shias', 1
'anupam', 1
'maha', 1
'offer-', 1
'sbi', 1
'nupur', 1
'statement', 1
'seats', 1
'extend', 1
'families', 1
'died', 1
'centers', 1
'brave', 1
'protestors', 1
'bsdk', 1
'islamists', 1
'ruling', 1
'oho', 1
'totally', 1
'activated', 1
'assuring', 1
'ditectly', 1
'chants', 1
'10am', 1
'11am', 1
'o5', 1
'01', 1
'sunday', 1
'brothers', 1
'thanking', 1
'eligible', 1
'succeed', 1
'altbalajioriginal', 1
'brazzzers', 1
'link', 1
'boards', 1
'discussed', 1
'catch', 1
'cheaters', 1
'students', 1
'child', 1
'suspended', 1
'bhakts', 1
'pizzadelivery', 1
'awareness', 1
'centre', 1
'sachin', 1
'pilot', 1
'leak', 1
'browsing', 1
'contacts', 1
'laugh', 1
'babri', 1
'mazsid', 1
'64', 1
'voting', 1
'piryaani', 1
'plates', 1
'inch', 1
'cock', 1
'showğŸ˜‚ğŸ˜‚', 1
'ğŸ˜…ğŸ˜…', 1
'ğŸ¤”oho', 1
'female', 1
'worry', 1
'5he', 1
'goatğŸ˜', 1
'condom', 1
'store', 1
'toll-free', 1
'proper', 1
'postal', 1
'smooth', 1
'street', 1
'landmark', 1
'pin', 1
'state', 1
'à¤²à¥‹à¤¬', 1
'à¤­à¤¾à¤ˆà¤œà¤¾à¤¨', 1
'ryt', 1
'bill', 1
'picture', 1
'journalist', 1
'thewire', 1
'à¤µà¥‹à¤ˆ', 1
'à¤µà¤¾à¤²à¥€', 1
'à¤œà¤¿à¤¸à¤®à¥‡', 1
'à¤²à¤¿à¤–à¤¾', 1
'5th', 1
'12pm', 1
'mowgi', 1
'jungle', 1
'in1893', 1
'danger', 1
'hideout', 1
'remember', 1
'ghajini', 1
'killed', 1
'kalpana', 1
'bancab', 1
'modihaitohmumkinhai', 1
'remove', 1
'existing', 1
'fearing', 1
'suddenly', 1
'london', 1
'à®‡à®¤à¯à®²', 1
'à®‡à®°à¯à®•à¯à®•', 1
'à®¨à®®à¯à®ªà®°à¯', 1
'à®à®¤à¯à®©à¯', 1
'à®¤à¯†à®°à®¿à®¯à¯à®¤à®¾', 1
'à®•à¯à®Ÿà®¿à®¯à®¿à®°à®¿à®®à¯ˆ', 1
'à®šà®Ÿà¯à®Ÿà®¤à¯à®¤à¯à®•à¯à®•à¯', 1
'cold', 1
'madam', 1
'bothered', 1
'sudden', 1
'rise', 1
'temperature', 1
'due', 1
'burning', 1
'es', 1
'liberandus', 1
'entertained', 1
'funny', 1
'silly', 1
'kmg', 1
'annually', 1
'weekendkavaar', 1
'millionmarch', 1
'dinakar', 1
'garu', 1
'celebrating', 1
'60th', 1
'anniversary', 1
'hindupur', 1
'auspicious', 1
'sastipurthi', 1
'wonderful', 1
'password*', 1
'8000', 1
'stolen', 1
'reported', 1
'savdhanindia', 1
'clarify', 1
'akhir', 1
'baat', 1
'tanashahi', 1
'chalegi', 1
'mudishouldresign', 1
'amitshah', 1
'ğŸ™ğŸ»', 1
'read', 1
"'devalika", 1
'allt', 1
'1001', 1
'khans', 1
'ğŸ', 1
'impeached', 1
'unlink', 1
'lacs', 1
'wallet', 1
'divorce', 1
'husband', 1
'independent', 1
'deeper', 1
'kemetic', 1
'kundalini', 1
'tantric', 1
'lessons', 1
'namaste', 1
'loved', 1
'ones', 1
'spoil', 1
'saynotocab', 1
'thanksğŸ˜', 1
'ğŸ˜œğŸ˜‚ğŸ˜‚ğŸ˜‚', 1
'though', 1
'backed', 1
'agreed', 1
'premier', 1
'abuse', 1
'tatti', 1
'articles', 1
'return', 1
'kgs', 1
'à¤¶à¤¿à¤¯à¤¾', 1
'à¤¬à¤²à¥à¤²à¥‡', 1
'mazdid', 1
'thn', 1
'crediting', 1
'fwd', 1
'bjpagainstbharatmata', 1
'diego', 1
'garcia', 1
'looks', 1
'malnourished', 1
'recieve', 1
'sacks', 1
'rice', 1
'wheat', 1
'fight', 1
'manutrition', 1
'clothes', 1
'indiaagainstmalnutrition', 1
'directors', 1
'producers', 1
'casting', 1
'auditions', 1
'medical', 1
'user', 1
'serve', 1
'basis', 1
'56th', 1
'jaihindğŸš©ğŸ˜‰ğŸ˜‰', 1
'ğŸ¤—', 1
'suna', 1
'dalle', 1
'racket', 1
'chalwa', 1
'rhe', 1
'browse', 1
'mailed', 1
'mommy', 1
'ğŸ¤”ğŸ˜ğŸ™', 1
'cool', 1
'electron', 1
'spin', 1
'except', 1
'object', 1
'transforms', 1
'âœŒï¸âœŒï¸âœŒï¸âœŒï¸âœŒï¸', 1
'adobe', 1
'1cr', 1
'dozens', 1
'khaki', 1
'chadhdhi', 1
'ğŸ‘‡8866288662', 1
'bjpitcell', 1
'thankyou', 1
'â˜º', 1
'mecca', 1
'madina', 1
'use', 1
'buying', 1
'phone-sex', 1
'session', 1
'bottle', 1
'johnny', 1
'chalta', 1
'wear', 1
'skirts', 1
'bagpipes', 1
'closing', 1
'quickly', 1
'meanwhile', 1
'personally', 1
'ğŸ˜‚ğŸ¤£', 1
'ğŸ•ºğŸ•ºğŸ•ºğŸ•ºğŸ•º', 1
'ordering', 1
'ğŸ‘‡ğŸ˜œ', 1
'17mins', 1
'ignore', 1
'seconds', 1
'ğŸ˜•', 1
'à²œà²¿à²‚à²—à²²à³‡', 1
'teenagers', 1
'preparing', 1
'competitive', 1
'claiming', 1
'neet', 1
'preparation', 1
'price', 1
'harmonium', 1
'door', 1
'disney', 1
'voot', 1
'hulu', 1
'hbo', 1
'eyed', 1
'white', 1
'skinned', 1
'hairless', 1
'pears-shaped', 1
'breasts', 1
'appetising', 1
'vaginas', 1
'ğŸ’•ğŸ’ƒğŸ’˜', 1
'sweet', 1
'talks', 1
'heavenly', 1
'experienceğŸ”¥ğŸ‘©\u200dâ¤ï¸\u200dğŸ‘¨ğŸ’–', 1
'operators', 1
'operated', 1
'pretending', 1
'dealers', 1
'addicts', 1
'jail', 1
'15th', 1
'trouble', 1
'luv', 1
'peopleâ¤ï¸', 1
'scammers', 1
'withdraw', 1
'nation', 1
'doom', 1
'books', 1
'ethics', 1
'key', 1
'peace', 1
'adityanath', 1
'beyond', 1
'profession', 1
'sadhguru', 1
'malvia', 1
'opinion', 1
'rich', 1
'buy', 1
'votes', 1
'abuses', 1
'indiasupportscab', 1
'indiasupportcca', 1
'indiansagainstcaa', 1
'indiadoesnotsupportcaa', 1
'caaprotest', 1
'ğŸ˜ğŸ˜', 1
'fan', 1
'debuting', 1
'chocolate', 1
'strawberry', 1
'schezwan', 1
'flavours', 1
'trial', 1
'bookwritten', 1
'rukh', 1
'kalaigner', 1
'karunanidhi', 1
'spoken', 1
'kakke', 1
'office', 1
'educate', 1
'scientists', 1
'discovered', 1
'traces', 1
'kumarikandam', 1
'milk', 1
'honey', 1
'pots', 1
'ancestors', 1
'record', 1
'nrcprotests', 1
'nankana', 1
'sahib', 1
'gurudwara', 1
'haha', 1
'fattusena', 1
'ek', 1
'shikar', 1
'beloved', 1
'freeğŸ’', 1
'pics', 1
'arfakhanum', 1
'bigboss13', 1
'stopportrayingasimnegative', 1
'colorstv', 1
'beingsalmankhan', 1
'senorita', 1
'bombing', 1
'self', 1
'ğŸ‡®ğŸ‡³', 1
'unconstitutional', 1
'ğŸ˜ ', 1
'mrudul', 1
'abhi', 1
'theeke', 1
'chal', 1
'bye', 1
'insurance', 1
'websites', 1
'trust', 1
'secrate', 1
'story', 1
'8th', 1
'hole', 1
'practical', 1
'sessions', 1
'ğŸ–•ğŸ–•ğŸ–•ğŸ–•ğŸ–•ğŸ–•ğŸ–•ğŸ–•ğŸ–•ğŸ–•', 1
'ğŸ˜‚ğŸ˜‚ğŸ˜‚ğŸ˜‚ğŸ˜‚ğŸ˜‚ğŸ˜‚ğŸ˜‚', 1
'ğŸ˜›ğŸ˜›ğŸ˜›ğŸ˜›ğŸ˜ğŸ˜ğŸ˜', 1
'ppl', 1
'dreams', 1
'action', 1
'netfix', 1
'annual', 1
'instructions', 1
'slots', 1
'â˜ºï¸ğŸ˜ğŸŒ¹ğŸ«ğŸ‘ˆ', 1
'express', 1
'killing', 1
'block', 1
'dangerous', 1
'spam', 1
'robbed', 1
'mention', 1
'tag', 1
'ounch', 1
'balls', 1
'pant', 1
'direct', 1
'ğŸ˜‰', 1
'neha', 1
'visit', 1
'website', 1
'aaliya', 1
'bhatt', 1
'celebrity', 1
'dr', 1
'batra', 1
'needful', 1
'â˜ºï¸', 1
'tharki', 1
'chacha', 1
'ğŸ”¥', 1
'ğŸ“£ğŸ“£attentionğŸ“£ğŸ“£', 1
'lover', 1
'vimal', 1
'pan', 1
'masala', 1
'wholesale', 1
'000', 1
'ğŸ˜œğŸ˜œğŸ˜œğŸ˜œ', 1
'2rs', 1
'altnews', 1
'tarek', 1
'presence', 1
'shrimati', 1
'sonia', 1
'â‚¹1', 1
'forwarded', 1
'proposed', 1
'required', 1
'6th', 1
'style', 1
'friday', 1
'saturdaythoughts', 1
'saturdaymorning', 1
'irfanpathan', 1
'azadiforazad', 1
'iranian', 1
'usa', 1
'soleimani', 1
'usairstrike', 1
'mirinda', 1
'campaign', 1
'said', 1
'volunteer', 1
'ğŸ¤£ğŸ¤£ğŸ¤£ğŸ¤£ğŸ¤£', 1
'rohingya', 1
'pakistani', 1
'netflixth', 1
'nankanasahibattacked', 1
'imrankhan', 1
'dude', 1
'fail', 1
'sax', 1
'garls', 1
'boobs', 1
'saxxy', 1
'hesitate', 1
'zannat', 1
'ğŸ˜½', 1
'landline', 1
'worse', 1
'eagerly', 1
'contact-', 1
'ğŸ˜‹ğŸ˜‹ğŸ˜‹ğŸ˜‹ğŸ˜‹ğŸ˜‹', 1
'à¤‡à¤¸', 1
'à¤¨à¤‚à¤¬à¤°', 1
'à¤ªà¤°', 1
'à¤•à¥‰à¤²', 1
'à¤•à¤°à¥‹', 1
'chup', 1
'ğŸ‘†ğŸ‘†ğŸ˜', 1
'mile', 1
'ga', 1
'yr', 1
'ğŸ™ˆğŸ˜‚', 1
'daily', 1
'deduct', 1
'-trai', 1
'ğŸ’™ğŸ˜˜', 1
'weekend', 1
'regret', 1
'basket', 1
'chaat', 1
'moti', 1
'mahal', 1
'hazratganj', 1
'growth', 1
'inquiries', 1
'dailing', 1
'charging', 1
'arey', 1
're-tweet', 1
'cake', 1
'starting', 1
'ğŸ¤£ğŸ˜‚ğŸ˜ğŸ˜œ', 1
'xvideos', 1
'88662-88662', 1
'lw', 1
'pseudo', 1
'youtubers', 1
'journos', 1
'*conditions', 1
'applied', 1
'neflix', 1
'freenetflix', 1
'hang', 1
'burst', 1
'flames', 1
'ungodly', 1
'jai', 1
'shree', 1
'ram', 1
'mahadev', 1
'international', 1
'8866288662ğŸ˜ŠğŸ˜Š', 1
'sit', 1
'bhasker', 1
'weeks', 1
'hosted', 1
'akhtar', 1
'application', 1
'xxx7148', 1
'successfully', 1
'shortlisted', 1
'aapatwork', 1
'amazing', 1
'sensible', 1
'remark', 1
'ğŸ“±8866288662', 1
'drawâœŒ', 1
'sreenivasan', 1
'jain', 1
'duo', 1
'gm', 1
'chain', 1
'manoj', 1
'tiwary', 1
'nights', 1
'holiday', 1
'travelphotography', 1
'travelblogger', 1
'cleared', 1
'pakistanis', 1
'suspend', 1
'settle', 1
'ğŸ¤“ğŸ™', 1
'neetflix', 1
'-telecom', 1
'authority', 1
'à®•à®¾à®¯à¯‚', 1
'bigger', 1
'ndtv', 1
'10yearsğŸ˜‚', 1
'delicious', 1
'shawarma', 1
'nominating', 1
'goes', 1
'karke', 1
'dein', 1
'ps-', 1
'jhatka', 1
'meat', 1
'usrname', 1
'clling', 1
'chances', 1
'january', 1
'ğŸ’¥ğŸ’¥ğŸ’¥ğŸ’¥ğŸ’¥ğŸ’¥ğŸ’¥ğŸ’¥ğŸ’¥ğŸ’¥ğŸ’¥ğŸ’¥ğŸ’¥', 1
'rose', 1
'chikki', 1
'ğŸ‘†ğŸ‘†ğŸ‘†ğŸ‘…ğŸ‘…ğŸ‘…ğŸ’˜â¤', 1
'contract', 1
'â‚¹10', 1
'awesome', 1
'ğŸ‘ŒğŸ‘ŒğŸ‘Œ', 1
'scrumptious', 1
'beef', 1
'burger', 1
'look', 1
'installation', 1
'100mbps', 1
'amozan', 1
'netflx', 1
'charged', 1
'earlier', 1
'sense', 1
'humour', 1
'idiots', 1
'understand', 1
'angry', 1
'ğŸ¤£ğŸ¤£ğŸ¤£ğŸ¤£ğŸ¤£ğŸ¤£ğŸ¤£ğŸ¤£', 1
'nazrein', 1
'nhi', 1
'milaunga', 1
'goodbye', 1
'serious', 1
'posting', 1
'everybody', 1
'english', 1
'hindi', 1
'matter', 1
'pressed', 1
'disconnected', 1
'attend', 1
'pop-up', 1
'ad', 1
'appears', 1
'aadhar', 1
'ğŸ¤¬ğŸ˜¡', 1
'planning', 1
'rides', 1
'lamborghini', 1
'sad', 1
'peacefully', 1
'ğŸ˜€ğŸ˜€ğŸ˜€ğŸ˜€', 1
'monty', 1
'leon', 1
'thoughts', 1
'active', 1
'wnt', 1
'fr', 1
'general', 1
'election', 1
'jehadis', 1
'backğŸ˜œ', 1
'halala', 1
'rado', 1
'hashmi', 1
'dawa', 1
'khana', 1
'gupt', 1
'dalla', 1
'ğŸ¥³ğŸ¥³ğŸ¤Ÿ', 1
'option', 1
'fast', 1
'banane', 1
'viewerschoicerashmi', 1
'2024', 1
'faridoon', 1
'definitely', 1
'assist', 1
'fastest', 1
'siddharthshukla', 1
'automatically', 1
'deleted', 1
'easier', 1
'blue', 1
'tick', 1
'owner', 1
'asimriaz', 1
'dslr', 1
'camera', 1
'willing', 1
'ğŸ™ƒ', 1
'crack', 1
'input', 1
'alias', 1
'soney', 1
'chidiya', 1
'dhanyawad', 1
'dosto', 1
'88', 1
'girlfriends', 1
'ğŸ˜ğŸ˜', 1
'66', 1
'kisses', 1
'ğŸ’‹ğŸ’‹', 1
'28', 1
'hugs', 1
'ğŸ’‘', 1
'62', 1
'breakups', 1
'ğŸ’”ğŸ’”', 1
'dar', 1
'mt', 1
'ÏÎ±gâ„“Î¹', 1
'mera', 1
'Ğ½Î±Î¹', 1
'insta', 1
'ringed', 1
'cut', 1
'replying', 1
'ğŸ˜‚ğŸ˜‚ğŸ˜‚ğŸ¤£ğŸ¤£ğŸ¤£', 1
'koramangala', 1
'beer', 1
'boho', 1
'pub', 1
'colleague', 1
'recently', 1
'messed', 1
'sent', 1
'fb', 1
'console', 1
"'hi", 1
'appraisal', 1
'trio', 1
'came', 1
'policy', 1
'favourite', 1
'winning', 1
'bbcantbreakrashami', 1
'winningsid', 1
'biggboss', 1
'chick', 1
'bihar', 1
'banker', 1
'negotiable', 1
'fix', 1
'incentives', 1
'3000', 1
'petrol', 1
'allowances', 1
'reimburesements', 1
'mediclaim', 1
'banking', 1
'broking', 1
'functional', 1
'sales', 1
'retail', 1
'wartime', 1
'thefauxy', 1
'badluckğŸ˜°ğŸ˜¨', 1
'rest', 1
'ğŸ˜£ğŸ˜±', 1
'2acre', 1
'land', 1
'electricity', 1
'ration', 1
'opposing', 1
'beauty', 1
'accross', 1
'magic', 1
'room', 1
'rent', 1
'hostel', 1
"ma'am", 1
'huge', 1
'ğŸ˜‘', 1
'android', 1
'tired', 1
'individually', 1
'hit', 1
'24Ã—7', 1
'human', 1
'rights', 1
'aaariyan', 1
'boyez', 1
'nekid', 1
'phutos', 1
'lemurinas', 1
'wasted', 1
'tv', 1
'via', 1
'cadbury', 1
'selected', 1
'trick', 1
'disc', 1
'flight', 1
'mode', 1
'multiple', 1
'uptill', 1
'means', 1
'product', 1
'common', 1
'hands', 1
'raga', 1
'innovation', 1
'converts', 1
'potatoes', 1
'ğŸ¥”', 1
'costs', 1
'123', 1
'ugly', 1
'boys', 1
'tweeting', 1
'hottie', 1
'sooo', 1
'tracing', 1
'coochie', 1
'mate', 1
'fif', 1
'nitya', 1
'felling', 1
'relationsip', 1
'chating', 1
'friendsip', 1
"what's-", 1
'genuine', 1
'income', 1
'haircut', 1
'javed', 1
'habib', 1
'guaranteed', 1
'result', 1
'callofduty', 1
'joints', 1
'across', 1
'ğŸ‘‡ğŸ˜ŠğŸ˜Š', 1
'health', 1
'solutions', 1
'recipe', 1
'shri', 1
'decide', 1
'elections', 1
'favour', 1
'arvindkejriwal', 1
'decision', 1
'151', 1
'meğŸ¥‚', 1
'checker', 1
'ramban', 1
'eliminate', 1
'weakeness', 1
'disorders', 1
'somewhere', 1
'middle', 1
'sea', 1
'information-', 1
'kare', 1
'fraudalert', 1
'ğŸ™„ğŸ™Œ', 1
'lottery', 1
'crores', 1
'chinese', 1
't-shirt', 1
'tejinder', 1
'bagga', 1
'kariye', 1
'kisi', 1
'bhi', 1
'saal', 1
'tak', 1
'citizenshipammendmentact', 1
'ğŸ™ğŸ¼ğŸ¤“', 1
'rashmikareplies', 1
'popular', 1
'nunber', 1
'ğŸ˜ğŸ¤˜', 1
'gained', 1
'ğŸ¤©ğŸ¤©', 1
'ğŸ˜ğŸ˜ğŸ˜', 1
'candidate', 1
'delhiassemblyelections', 1
'neighbours', 1
'congratulate', 1
'reaching', 1
'8866288662âœ¨', 1
'pehle', 1
'revert', 1
'taking', 1
'break', 1
'sometime', 1
'alive', 1
'ğŸ™ŒğŸ»ğŸ˜†', 1
'blackout', 1
'towards', 1
'unite', 1
'rss', 1
'unitedagainsthate', 1
'dobara', 1
'button', 1
'click', 1
'kruga', 1
'unfollow', 1
'jaega', 1
'prizes', 1
'ğŸ“8866288662', 1
'apna', 1
'hua', 1
'-8866288662', 1
'ğŸ˜‰ğŸ˜â™¥ğŸ˜‚', 1
'persons', 1
'bottles', 1
'saving', 1
'manner', 1
'humble', 1
'appeal', 1
'inr', 1
'199', 1
'transactions', 1
'ğŸ˜˜â¤ï¸', 1
'raise', 1
'organisd', 1
'5his', 1
'maxx', 1
'valentine', 1
'candle', 1
'light', 1
'contest', 1
'ended', 1
'adventure', 1
'shahin', 1
'bag', 1
'metro', 1
'distribution', 1
'iphone11', 1
'128gb', 1
'promocode', 1
'tinder', 1
'membership', 1
'105', 1
'miss-call', 1
'yummy', 1
'fed', 1
'doubting', 1
'dms', 1
'cause', 1
'ğŸ¤­', 1
'addu', 1
'17', 1
'dominoz', 1
'percent', 1
'venture', 1
'taste', 1
'die', 1
'authentic', 1
'-rs', 1
'sim', 1
'51', 1
'ride', 1
'merc', 1
'school', 1
'à¤¦à¤¿à¤²à¥à¤²à¥€', 1
'à¤•à¥‡', 1
'à¤¸à¤°à¤•à¤¾à¤°à¥€', 1
'à¤¸à¥à¤•à¥‚à¤²', 1
'outside', 1
'dp', 1
'updated', 1
'newprofilepic2020', 1
'distributing', 1
'monk', 1
'teamoldmonk', 1
'thought', 1
'prebook', 1
'duggu', 1
'samosa', 1
'location', 1
'*offer', 1
'kr', 1
'abb', 1
'mjhe', 1
'vouchers', 1
'â‚¹50000', 1
'footpath', 1
'sway', 1
'voucher', 1
'jo', 1
'dil', 1
'aye', 1
'bol', 1
'chit', 1
'karne', 1
'300', 1
'pappu', 1
'ummah', 1
'backup', 1
'bana', 1
'leta', 1
'hoon', 1
'ğŸ¤”', 1
'links', 1
'movies', 1
'hollywood', 1
'bollywood', 1
'iii', 1
'urge', 1
'every1', 1
'prayer', 1
'god', 1
'bless', 1
'8866288662ğŸ˜˜ğŸ˜˜ğŸŒ¹ğŸŒ¹ğŸŒ¹â¤â¤â¤â¤â¤', 1
'youn', 1
'thali', 1
'speed', 1
'matches', 1
'kidding', 1
'numberğŸ‘‡', 1
'views', 1
'predict', 1
'scold', 1
'yiu', 1
'wo', 1
'disappointed', 1
'disha', 1
'patani', 1
'vicky', 1
'kaushal', 1
'oneplus', 1
'17k', 1
'tweetheartsâ¤', 1
'meğŸ˜ğŸ‘‡', 1
'boycotttoofan', 1
'era', 1
'akhter', 1
'tivkets', 1
'toofan', 1
'embraceâ¤notğŸ’”', 1
'itnr', 1
'rahe', 1
'hoga', 1
'brands', 1
'sab', 1
'waha', 1
'dunga', 1
'apne', 1
'dilkibaat', 1
'ğŸ˜œğŸ˜œğŸ˜œ', 1
'8866288662ğŸ“ğŸ“ğŸ“±', 1
'ğŸ™ğŸ“', 1
'declaration', 1
'ğŸ‘‡ğŸ¤', 1
'ğŸ¤·\u200dâ™‚ï¸', 1
'wrong', 1
'ringing', 1
'airforce', 1
'rescue', 1
'ğŸ˜‚ğŸ˜‚ğŸ˜‚ğŸ˜‚', 1
'priya', 1
'ğŸ˜ğŸ˜ğŸ˜', 1
'vckcadres', 1
'ğŸ˜ğŸ˜ğŸ˜ğŸ˜ğŸ˜', 1
'secure', 1
'welcome', 1
'peacefull', 1
'ğŸ˜˜ğŸ’ªğŸ™\U0001f9be\U0001f9bf', 1
'8866288662ğŸ˜˜ğŸŒ¹ğŸŒ¹â¤', 1
'ğŸ˜‚ğŸ˜‚ğŸ˜‚ğŸ˜‚ğŸ˜‚ğŸ˜‚', 1
'gve', 1
'misd', 1
'callğŸ˜', 1
'1gb', 1
'4g', 1
'entry', 1
'comicstaan', 1
'34th', 1
"b'day", 1
'deepika', 1
'padukone', 1
'whoever', 1
'gather', 1
'sos', 1
'leftists', 1
'student', 1
'everyday', 1
'thing', 1
'camps', 1
'filled', 1
'discrimination', 1
'surely', 1
'revive', 1
'soul', 1
'â¤ï¸â¤ï¸â¤ï¸', 1
'dm', 1
'-rupi', 1
'kaur', 1
'stupid', 1
'excuses', 1
'sharing', 1
'chitchat', 1
'keenly', 1
'awaiting', 1
'gossip', 1
'looking', 1
'caajanjagran', 1
'embrace', 1
'sharia', 1
'law', 1
'pros', 1
'chicks', 1
'non-hijabi', 1
'evade', 1
'rape', 1
'conviction', 1
'2x', 1
'inheritance', 1
'sister', 1
'cons', 1
'guy', 1
'wivesğŸ˜­ğŸ˜­', 1
'fear', 1
'terror', 1
'interpoll', 1
'hotline', 1
'anonymously', 1
'à¤•à¤²', 1
'à¤†à¤ªà¤¨à¥‡', 1
'à¤•à¤¿à¤', 1
'à¤¥à¥‡', 1
'à¤à¤•', 1
'à¤•à¤¿', 1
'à¤•à¤¿à¤¸à¥€', 1
'comic', 1
'à¤•à¤¾', 1
'regarding', 1
'wid', 1
'relatives', 1
'pms', 1
'hearts', 1
'siddharth', 1
'shukla', 1
'winner', 1
'championsidshukla', 1
'kg', 1
'jaionion', 1
'jumlapost', 1
'agains', 1
'kirtzğŸ˜ğŸ¤ŸğŸ»', 1
'trap', 1
'shows', 1
'colgate', 1
'dental', 1
'sign', 1
'sack', 1
'facist', 1
'dontprovokemuslims', 1
'reservation', 1
'hota', 1
'sharma', 1
'launde', 1
'mein', 1
'baith', 1
'sexy', 1
'karna', 1
'padta', 1
'deke', 1
'kara', 1
'lena', 1
'imo', 1
'pretext', 1
'innocent', 1
'purpose', 1
'mia', 1
'khalifa', 1
'mujhse', 1
'karoge', 1
'downmarket', 1
'gimmicks', 1
'united', 1
'nations', 1
'launched', 1
'prevent', 1
'3rd', 1
'dutta', 1
'chakri', 1
'ta', 1
'ami', 1
'peyegechhi', 1
'sunchho', 1
'aar', 1
'matro', 1
'koyekta', 1
'mash', 1
'byaas', 1
'bose', 1
'â‚¹15', 1
'08866288662', 1
'facility', 1
'heaping', 1
'praise', 1
'question', 1
'papers', 1
'10th', 1
'12th', 1
'cbse', 1
'obtain', 1
'email', 1
'advance', 1
'becoming', 1
'board', 1
'topper', 1
'wud', 1
'callğŸ˜‚', 1
'low', 1
'chats', 1
'dates', 1
'â€˜', 1
'women', 1
'variety', 1
'advertised', 1
'saturday', 1
'sadhguruğŸ˜‚ğŸ˜‚', 1
'reasons', 1
'ğŸ˜ŠğŸ˜Š', 1
'potholes', 1
'mumbai', 1
'dnt', 1
'fir', 1
'desired', 1
'unemployment', 1
'khatm', 1
'mumkin', 1
'ğŸ˜‚ğŸ¤£ğŸ˜‚ğŸ¤£ğŸ˜‚ğŸ¤£', 1
'cms', 1
'dissolve', 1
'88866288662', 1
'stuffed', 1
'garlic', 1
'bread', 1
'dominos', 1
'cells', 1
'ruins', 1
'minds', 1
'extend-', 1
'im', 1
'akele', 1
'lap', 1
'dance', 1
'opindia', 1
'1500000', 1
'steps', 1
'1-', 1
'2-', 1
'wats', 1
'hurryup', 1
'flipkart', 1
'illegally', 1
'detained', 1
'anticaaprotests', 1
'legal', 1
'sure', 1
'bf', 1
'arrange', 1
'anyway', 1
'gokarnamma', 1
'anand', 1
'fingering', 1
'logic', 1
'shiz', 1
'fire', 1
'online', 1
'ğŸ¤£ğŸ¤£', 1
'currency', 1
'possible', 1
'no-8866288662', 1
'ğŸ“²ğŸ“²-', 1
'rollback', 1
'8866288662ğŸ˜‚', 1
'infect', 1
'hiv', 1
'vd', 1
'syphilis', 1
'phoneğŸ˜¢', 1
'saw', 1
'messsage', 1
'dialled', 1
'accessing', 1
'msgs', 1
'gallery', 1
'fcrk', 1
'bookmark', 1
'ğŸ˜‹', 1
'options', 1
'give-away', 1
'winners', 1
'listing', 1
'indiasupportscaa', 1
'usirantension', 1
'swaraaunty', 1
'dob', 1
'voter', 1
'adharcard', 1
'driving', 1
'license', 1
'ğŸ™ğŸ™ğŸ™ğŸ™', 1
'increment', 1
'counter', 1
'sacking', 1
'ogs', 1
'mf', 1
'upload', 1
'finished', 1
'b', 1
'sarkarigulam', 1
'posterior', 1
'respect', 1
'mahatma', 1
'idol', 1
'ğŸ™ğŸ™', 1
'newyear', 1
'zee5', 1
'subscriber', 1
'ğŸ˜‰ğŸ˜‚', 1
'dosti', 1
'married', 1
'trusted', 1
'partner', 1
'maximum', 1
'force', 1
'mudi', 1
'rn', 1
'8pm', 1
'1st', 1
'installment', 1
'bonanza', 1
'8', 1
'nigerian', 1
'prince', 1
'smuggle', 1
'tonnes', 1
'deliver', 1
'credit', 1
'rare', 1
'disease', 1
'ğŸ˜¤ğŸ˜¤', 1
'opposition', 1
'choice', 1
'played', 1
'motarma', 1
'jeha-didi', 1
'condemnation', 1
'resolve', 1
'issue', 1
'switched', 1
'different', 1
'letter', 1
'chairman', 1
'position', 1
'art', 1
'brutal', 1
'humor', 1
'recharge', 1
'*88662', 1
'piece', 1
'mind', 1
'kundli', 1
'analysis', 1
'vall', 1
'finally', 1
'on-8866288662', 1
'unhappiness', 1
'divide', 1
'corruption', 1
'scare', 1
'moslims', 1
'always', 1
'suppot', 1
'hurt', 1
'ğŸ™‚ğŸ™‚ğŸ™‚', 1
'swamytards', 1
'vignesh', 1
'templates', 1
'nationalist', 1
'ğŸ˜›ğŸ˜ğŸ˜ğŸ˜', 1
'dwnt', 1
'dailed', 1
'acccount', 1
'ğŸ˜€ğŸ˜€', 1
'puchhlo', 1
'answer', 1
'ivanka', 1
'exclusive', 1
'daughter', 1
'forever', 1
'nice', 1
'tip', 1
'otherwise', 1
'celebrate', 1
'word', 1
'referendum', 1
'hindutvawadi', 1
'results', 1
'shared', 1
'supreme', 1
'court', 1
'impeach', 1
'passed', 1
'intervene', 1
'million', 1
'registrations', 1
'net', 1
'emergency', 1
'monitory', 1
'assistance', 1
'ndutva', 1
'forces', 1
'raising', 1
'bother', 1
'lol', 1
'salaam', 1
'exempt', 1