'miss', 1096
'give', 970
'indiasupportscaa', 794
'nrc', 512
'please', 431
'citizenship', 240
'show', 234
'amend', 215
'request', 205
'call', 193
'register', 192
'minority', 189
'bjp', 187
'friend', 159
'persecute', 155
'pm', 145
'act', 144
'india', 142
'npr', 142
'bangladesh', 141
'given', 141
'pakistan', 139
'people', 137
'religion', 133
'afghanistan', 129
'govern', 129
'dial', 123
'extend', 116
'ğŸ‡®ğŸ‡³', 112
'ensure', 109
'kindly', 108
'ğŸ™', 105
'indian', 104
'justice', 104
'gave', 103
'brought', 100
'2019', 91
'indiasupportscca', 88
'history', 84
'launch', 83
'plz', 82
'support', 79
'free', 73
'caasupport', 73
'isupportcaa', 72
'indiadoessupportcaa', 71
'caa2019', 70
'toll-free', 65
'spread', 59
'modi', 56
'right', 56
'endorse', 54
'get', 53
'indiasupportcaa', 53
'believe', 53
'campaign', 52
'momentum', 51
'citizenshipamendmentact', 50
'tag', 50
'ğŸ‘‡', 48
'citizen', 47
'want', 47
'done', 47
'toll', 45
'nation', 44
'stand', 44
'pledge', 41
'wholeheartedly', 41
'country', 40
'ğŸš©', 39
'protest', 39
'bill', 37
'time', 36
'gover', 36
'make', 35
'yet', 34
'one', 34
'jai', 33
'indiasupportcca', 33
'dear', 32
'human', 32
'also', 31
'govt', 31
'amit', 29
'ask', 28
'supportcaa', 28
'thank', 28
'everyone', 28
'response', 28
'cab', 27
'share', 27
'cell', 27
'ğŸ˜‚', 27
'hindi', 27
'ğŸ‘‰', 26
'minister', 26
'use', 25
'shah', 25
'follow', 24
'law', 23
'misscall', 23
'shri', 23
'phone', 22
'narendra', 22
'let', 22
'â˜ï¸', 22
'hindu', 21
'tweet', 21
'save', 21
'99535', 21
'againstcaa', 21
'like', 20
'become', 20
'us', 20
'honour', 20
'compass', 20
'legisl', 20
'fulfil', 20
'civilis', 20
'shelter', 20
'sh', 20
'party', 19
'sir', 19
'need', 19
'guy', 19
'full', 19
'state', 19
'help', 18
'ğŸŒ·', 18
'caa-2019', 18
'af-pak-ban', 18
'new', 17
'home', 17
'family', 17
'fake', 17
'awar', 17
'take', 17
'go', 17
'life', 17
'work', 16
'vote', 16
'appeal', 16
'etho', 16
'brother', 16
'inclusive', 16
'popular', 15
'look', 15
'kare', 15
'ğŸ‘', 15
'come', 15
'à¤•à¤¾', 15
'solidarity', 15
'nothing', 15
'opportunit', 15
'media', 14
'try', 14
'mobile', 14
'girl', 14
'cca', 14
'pak', 14
'theocrat', 14
'news', 13
'social', 13
'every', 13
'à¤®à¥‹à¤¦à¥€', 13
'à¤¶à¤¾à¤¨', 13
'think', 13
'know', 13
'messag', 13
'must', 13
'prime', 13
'promot', 13
'first', 13
'favour', 13
'express', 13
'good', 13
'retweet', 13
'à¤¹à¥‚à¤', 13
'propaganda', 12
'number', 12
'member', 12
'opposit', 12
'sikh', 12
'long', 12
'end', 12
'miscal', 12
'tell', 12
'way', 12
'k', 12
'live', 12
'issu', 12
'today', 12
'muslim', 11
'trick', 11
'hinduism', 11
'part', 11
'r', 11
'leader', 11
'alreadi', 11
'oppos', 11
'wesupportcaa', 11
'twitter', 11
'anyon', 11
'controversi', 10
'propag', 10
'netflix', 10
'anti', 10
'à¤¹à¤®à¤¾à¤°à¥€', 10
'à¤†à¤¨', 10
'à¤¬à¤¾à¤¨', 10
'caus', 10
'no', 10
'control', 10
'public', 10
'ring', 10
'desh', 10
'ke', 10
'mr', 10
'suffer', 10
'afghan', 10
'citizenshipammendmentact', 10
'secur', 10
'provid', 10
'citizenshipamendmentbil', 10
'amitshah', 10
'hm', 10
'true', 9
'mani', 9
'cheap', 9
'respect', 9
'offer', 9
'reach', 9
'say', 9
'hai', 9
'see', 9
'dail', 9
'uphold', 9
'harmoni', 9
'land', 9
'decad', 9
'ki', 9
'start', 9
'à¤¸à¤®à¤°à¥à¤¥à¤¨', 9
'caajanjagran', 9
'refuge', 9
'movement', 9
'read', 8
'jain', 8
'releas', 8
'made', 8
'real', 8
'even', 8
'search', 8
'hi', 8
'job', 8
'back', 8
'speak', 8
'interest', 8
'safe', 8
'se', 8
'pe', 8
'care', 8
'caaprotest', 8
'differ', 8
'bhi', 8
'protect', 8
'rt', 8
'reflect', 8
'chang', 8
'bharat', 8
'alway', 8
'countrymen', 8
'stop', 8
'à¤®à¥ˆà¤‚', 8
'à¤œà¤¨', 8
'jan', 8
'happi', 8
'8', 8
'subscript', 7
'â€', 7
'comment', 7
'via', 7
'ğŸ˜', 7
'nationalist', 7
'would', 7
'reason', 7
'year', 7
'without', 7
'understand', 7
'offici', 7
'better', 7
'well', 7
'pr', 7
'ko', 7
'missedcal', 7
'data', 7
'de', 7
'pick', 7
'join', 7
'bla', 7
'answer', 7
'nankanasahib', 7
'narendramodi', 7
'4', 7
'à¤•à¤°à¤¤à¤¾', 7
'favor', 7
'person', 7
'jodhpur', 7
'central', 7
'busi', 7
'love', 7
'delhi', 6
'rel', 6
'expos', 6
'belong', 6
'rahul', 6
'ğŸ“²', 6
'mynt', 6
"'m", 6
'pass', 6
'welfar', 6
'across', 6
'regard', 6
'forward', 6
'realli', 6
'h', 6
'ppl', 6
'liy', 6
'got', 6
'win', 6
'record', 6
'citizenshipamendmentact2019', 6
'kar', 6
'islam', 6
'seriou', 6
'could', 6
'urg', 6
'mean', 6
'face', 6
'account', 6
'à¤­à¤¾à¤°à¤¤', 6
'à¤¨à¤¾à¤—à¤°à¤¿à¤•', 6
'à¥¤', 6
'mata', 6
'j', 6
'âœ…', 6
'door', 6
'christian', 6
'easi', 6
'away', 6
'presid', 6
'â¤ï¸', 6
'ğŸ“', 6
'88662-', 6
'bengal', 6
'rule', 5
'sunni', 5
'leon', 5
'â€˜', 5
'publish', 5
'post', 5
'name', 5
'dirty', 5
'ka', 5
'grow', 5
'fulli', 5
'turn', 5
'side', 5
'congress', 5
'repli', 5
'desper', 5
'ğŸ“±8866288662', 5
'explain', 5
'wait', 5
'much', 5
'possibl', 5
'connect', 5
'bewar', 5
'par', 5
'question', 5
'simpl', 5
'sister', 5
'next', 5
'gener', 5
'bhai', 5
'ek', 5
'kre', 5
'jo', 5
'toh', 5
'plzz', 5
'ahead', 5
'counter', 5
'creat', 5
'pappu', 5
'count', 5
'valuabl', 5
'power', 5
'hand', 5
'contact', 5
'talk', 5
'sinc', 5
'pro', 5
'crore', 5
'build', 5
'ğŸ¤£', 5
'lot', 5
'simpli', 5
'jammu', 5
'jagran', 5
'initi', 5
'futur', 5
'great', 5
'organis', 5
'samarthan', 5
'â¬…ï¸', 5
"'done", 5
'said', 5
'hon', 5
'dont', 5
'buddhist', 5
'voic', 5
'nagar', 5
'mp', 5
'thread', 4
'rajneeti', 4
'c', 4
'toward', 4
'target', 4
'ideolog', 4
'rw', 4
'joke', 4
'charg', 4
'mamta', 4
'ğŸ¤³miss', 4
'citizenshipammendmentact2019', 4
'write', 4
"'re", 4
'secular', 4
'avoid', 4
'gandhi', 4
'union', 4
"'support", 4
'polit', 4
'expect', 4
'came', 4
'mention', 4
'rajasthansupportscaa', 4
'1000', 4
'aazadi', 4
'leftist', 4
'gather', 4
'import', 4
'step', 4
'wit', 4
'terror', 4
'liber', 4
'digit', 4
'zee', 4
'e', 4
'line', 4
'jaihind', 4
'sure', 4
'à¤à¤‚à¤Ÿà¥€à¤¨à¥‡à¤¶à¤¨à¤²', 4
'à¤¹à¥ˆà¤‚', 4
'chahiy', 4
'nd', 4
'à¤¨à¤‚à¤¬à¤°', 4
'trend', 4
'hav', 4
'hey', 4
'grant', 4
'oppress', 4
'humanitarian', 4
'run', 4
'night', 4
'put', 4
'complet', 4
'apna', 4
'8866288662*', 4
'mark', 4
'nrp', 4
'hold', 4
'anti-caa', 4
'peac', 4
'actual', 4
'forc', 4
'best', 4
"'ll", 4
'result', 4
'remain', 4
'pro-caa', 4
'commun', 4
'keep', 4
'matter', 4
'à¤®à¥‡à¤‚', 4
'à¤¸à¤¾à¤µà¤°à¤•à¤°', 4
'reader', 4
'patriot', 4
'fellow', 4
'along', 4
'ğŸ“8866288662', 4
'abhiyaan', 4
'immedi', 4
'kais', 4
'yr', 4
'stone', 4
'pelt', 4
'day', 4
'humbl', 4
'automat', 4
'à¤ªà¤°', 4
'unit', 4
'ralli', 4
'word', 4
'95', 4
'block', 4
'hous', 4
'reiter', 4
'villag', 4
'mandal', 4
'ğŸ˜Š', 4
'fool', 4
'kind', 4
'jihadi', 4
'leav', 4
'ğŸ’“6', 4
'ğŸ§¡6', 4
'ğŸ’š6', 4
'ğŸ’›6', 4
'ğŸ’œ6', 4
'â£ï¸6', 4
'parsi', 4
'drum', 3
'depart', 3
'receiv', 3
'garner', 3
'wonder', 3
'thing', 3
'me*', 3
'screenshot', 3
'play', 3
'movi', 3
'â€”', 3
'ğŸ˜˜', 3
'someth', 3
'action', 3
'lure', 3
'virat', 3
'kohli', 3
'nomin', 3
'cricket', 3
'agre', 3
'chanc', 3
'major', 3
'someon', 3
'high', 3
'servic', 3
'cost', 3
'di', 3
'video', 3
'month', 3
'luck', 3
'morn', 3
'illeg', 3
'link', 3
'address', 3
'program', 3
'correct', 3
'women', 3
'ecosystem', 3
'rather', 3
'caught', 3
'viciou', 3
'cycl', 3
'landscap', 3
'lover', 3
'nahi', 3
'activ', 3
'winningsid', 3
'ho', 3
'soon', 3
'mislead', 3
'method', 3
'gain', 3
'na', 3
'ğŸ’ª', 3
'mi', 3
'team', 3
'everyth', 3
'anyway', 3
'order', 3
'sex', 3
'check', 3
'ğŸ‘†', 3
'ram', 3
'constitut', 3
'singl', 3
'taken', 3
'treat', 3
'dena', 3
'suppot', 3
'non', 3
'never', 3
'place', 3
'happen', 3
'ğŸ¤™', 3
'openli', 3
'per', 3
'allow', 3
'king', 3
'mein', 3
'indiadoesnotsupportcaa', 3
'date', 3
'opinion', 3
'massiv', 3
'à¤…à¤ªà¤¨à¥‡', 3
'system', 3
'strongli', 3
'welcom', 3
'prove', 3
'remov', 3
'whole', 3
'confirm', 3
'ğŸ˜', 3
'verifi', 3
'yogikagundaraj', 3
'dr', 3
'tel', 3
'till', 3
'fir', 3
'andhra', 3
'huge', 3
'narr', 3
'nrcprotest', 3
'-caa', 3
'effect', 3
'may', 3
'urgent', 3
'ğŸ˜­', 3
'relat', 3
'fight', 3
'strengthen', 3
'set', 3
'moron', 3
'watch', 3
'strength', 3
'road', 3
'prosecut', 3
'88662-88662', 3
'10', 3
'benefit', 3
'nationfirst', 3
'ca', 3
'w', 3
'fail', 3
'jay', 3
'reject', 3
'celebr', 3
'listen', 3
'silent', 3
'bit', 3
'relief', 3
'digniti', 3
'final', 3
'à¤­à¤—à¤µà¤¾', 3
'à¤•à¥€', 3
'à¤¯à¥‹à¤—à¥€à¤œà¥€', 3
'suport', 3
'feel', 3
'à¤‡à¤¸', 3
'*8866288662*', 3
'misinform', 3
'decis', 3
'afganistan', 3
'ğŸ‘Œ', 3
'bjp4india', 3
'diall', 3
'open', 3
'thursday', 3
'pmmodi', 3
'lost', 3
'reveal', 3
'ğŸ¤—', 3
'11', 3
'templ', 3
'maximum', 3
'ğŸ•‰ï¸', 3
'kark', 3
'strong', 3
'caajanjagaran', 3
'readi', 3
'72518-72518', 3
'bhakt', 3
'watan', 3
'nubber', 3
'legitim', 3
'distribut', 3
'pamphlet', 3
'presenc', 3
'â˜‘ï¸', 3
'utho', 3
'kro', 3
'spend', 3
'togeth', 3
'directli', 3
'wrong', 3
'burn', 3
'continu', 3
'hate', 3
'sugar', 3
'coat', 3
'entic', 3
'âœŠ', 3
'auto', 3
'dialer', 3
'fudg', 3
'sens', 3
'aur', 3
'rss', 3
'await', 3
'ğŸ’“8', 3
'ğŸ§¡8', 3
'ğŸ’š8', 3
'ğŸ’›8', 3
'ğŸ’œ8', 3
'â£ï¸8', 3
'ğŸ˜…', 3
'proud', 3
'territori', 3
'sovereignti', 3
'integr', 3
'sye', 3
'kari', 3
'pyaar', 3
'voh', 3
"is'sy", 3
'kaery', 3
'inkaar', 3
'leadership', 3
'ğŸ’¯', 3
'veersavarkar', 3
'nri', 3
'karnatakawithmodi', 3
'trikuta', 3
'dosti', 2
'friday', 2
'agenda', 2
'jee', 2
'bad', 2
'ishai', 2
'patron', 2
'rashtavaqt', 2
'man', 2
'nobl', 2
'pathet', 2
'troll', 2
'programm', 2
'baba', 2
'head', 2
'dumb', 2
'unga', 2
'stock', 2
'role', 2
'break', 2
'akshay', 2
'kumar', 2
'duti', 2
'banpfi', 2
'*call', 2
'appeas', 2
'iranwar', 2
'hindustani', 2
'began', 2
'solicit', 2
'minut', 2
'bank', 2
'etc', 2
'viratkohli', 2
'vision', 2
'knowledg', 2
'confus', 2
'behind', 2
'rioter', 2
'inform', 2
'ever', 2
'code', 2
'neglect', 2
'educ', 2
'normal', 2
'6', 2
'usernam', 2
'password', 2
'valid', 2
'caller', 2
'ğŸ™good', 2
'larg', 2
'terrorist', 2
'forcaa', 2
'saar', 2
'dheer', 2
'belov', 2
'success', 2
'anti-nationalist', 2
'particip', 2
'g', 2
'15', 2
'send', 2
'ucc', 2
'aap', 2
'kart', 2
'krne', 2
'hope', 2
'reduc', 2
'lest', 2
'updat', 2
'instead', 2
'chat', 2
'nasti', 2
'poll', 2
'9953588585', 2
'wale', 2
'hour', 2
'leak', 2
'bol', 2
'aan', 2
'jio', 2
'limit', 2
'karo', 2
'winner', 2
'truth', 2
'myth', 2
'later', 2
'parliament', 2
'malign', 2
'lone', 2
'viewerschoiceasim', 2
'shame', 2
'employ', 2
'especi', 2
'goon', 2
'view', 2
'rememb', 2
'among', 2
'shock', 2
'whether', 2
'orcong', 2
'plese', 2
'irrespons', 2
'le', 2
'*me', 2
'call*', 2
'withcaa', 2
'brain', 2
'à¤ªà¥à¤°à¤¿à¤¯à¤‚à¤•à¤¾à¤•à¤¾à¤¹à¤¾à¤¥à¤¦à¤‚à¤—à¤¾à¤‡à¤¯à¥‹à¤‚à¤•à¥‡', 2
'à¤¸à¤¾à¤¥', 2
'hello', 2
'modiji', 2
'elect', 2
'citizenshipamendmentbill2019', 2
'increas', 2
'spam', 2
'advic', 2
'thankyou', 2
'mass', 2
'drive', 2
'vandemataram', 2
'two', 2
'istandwithcaa', 2
'btw', 2
'hack', 2
'littl', 2
'late', 2
'ï½ï½ï½”', 2
'behav', 2
'sunnyleon', 2
'à¤¹à¥ˆ', 2
'à¤¨à¤®à¥à¤¬à¤°', 2
'à¤¸à¥‡', 2
'damag', 2
'attack', 2
'wont', 2
'crush', 2
'lw', 2
'mock', 2
'proof', 2
'heartedli', 2
'sever', 2
'hijack', 2
'mind', 2
'thousand', 2
'dishonor', 2
'max', 2
'least', 2
'ten', 2
'ğŸ˜œ', 2
'includ', 2
'scheme', 2
'battl', 2
'scam', 2
'rajasthan', 2
'authoris', 2
'hesit', 2
'fall', 2
'probabl', 2
'bharatsupportscaa', 2
'ğŸ˜‹', 2
'bangladeshi', 2
'2017-', 2
'releasethepressur', 2
'helplin', 2
'exam', 2
'mental', 2
'stress', 2
'2020-', 2
'overcom', 2
'pressur', 2
'ironi', 2
'exactli', 2
'23', 2
'wo', 2
'note', 2
'wake', 2
'kotatragedi', 2
'italian', 2
'newindia', 2
'whatev', 2
'requir', 2
'other', 2
'confid', 2
'handl', 2
'lie', 2
'come-on', 2
'everybodi', 2
'boost', 2
'priceless', 2
'henc', 2
'neighbour', 2
'dynam', 2
'level', 2
'saturdaymotiv', 2
'sane', 2
'saveindia', 2
'antin', 2
'urbannax', 2
'accord', 2
"hon'bl", 2
'anoth', 2
'shown', 2
'savarkar', 2
'tollfre', 2
'pathar', 2
'modigovt', 2
'malkajgiriparliamentconstitu', 2
'goasupportscaa', 2
'hv', 2
'bjpitcel', 2
'caa-', 2
'enact', 2
'object', 2
'wife', 2
'pride', 2
'trust', 2
'million', 2
'-you', 2
'indiasupport', 2
'ğŸ¼', 2
'bottom', 2
'à¤¶à¥à¤°à¥€', 2
'dad', 2
'kal', 2
'diya', 2
'tha', 2
'arey', 2
'mere', 2
'dede', 2
'yogdaan', 2
'hona', 2
'ar', 2
'three', 2
'cab2019', 2
'à¤•à¥ƒà¤ªà¤¯à¤¾', 2
'à¤šà¥ˆà¤¨à¤²', 2
'à¤•à¥‹', 2
'à¤¦à¤¿à¤–à¤¾à¤“', 2
'defeat', 2
'hard', 2
'big', 2
'violenc', 2
'2-3', 2
'forget', 2
'quickli', 2
'bharatiya', 2
'num', 2
'jammuandkashmir', 2
'invalid', 2
'lucki', 2
'sha', 2
'gang', 2
'modifi', 2
'aath', 2
'chey', 2
'individu', 2
'announc', 2
'donat', 2
'rs', 2
'pov', 2
'fridaymotiv', 2
'iss', 2
'\u2066', 2
'coll', 2
'outreach', 2
'information*', 2
'stay', 2
'prevent', 2
'capt', 2
'ajit', 2
'vadakayil', 2
'ncp', 2
'achiev', 2
'08866288662', 2
'truecal', 2
'vandal', 2
'indiarejectscaa', 2
'genuin', 2
'discredit', 2
'googl', 2
'visit', 2
'jhuggi', 2
'lajpat', 2
'*caa*', 2
'resid', 2
'hot', 2
'found', 2
'mona', 2
'singh', 2
'pedakakani', 2
'ponnur', 2
'assembl', 2
'pradesh', 2
'uniti', 2
'bring', 2
'brothel', 2
'virtual', 2
'blow', 2
'mera', 2
'ni', 2
'balanc', 2
'nahin', 2
'fan', 2
'anymor', 2
'absolut', 2
'88661', 2
'hota', 2
'bore', 2
'heart', 2
'à¤®à¤¿à¤¸', 2
'à¤•à¥‰à¤²', 2
'nankanasahibattack', 2
'aganist', 2
'circul', 2
'manner', 2
'bomb', 2
'common', 2
'à¤œà¤¯', 2
'ğŸ™miss', 2
'user', 2
'safeti', 2
'tactic', 2
'sonia', 2
'rahulgandhi', 2
'ummah', 2
'ghazwaehind', 2
'demographi', 2
'iphon', 2
'iran', 2
'seem', 2
'vendor', 2
'suggest', 2
'nanakanasahib', 2
'homeland', 2
'west', 2
'anarkli', 2
'empow', 2
'threat', 2
'ğŸ’“2', 2
'ğŸ§¡2', 2
'ğŸ’š2', 2
'ğŸ’›2', 2
'ğŸ’œ2', 2
'â£ï¸2', 2
'similar', 2
'origin', 2
'ğŸ‘³', 2
'flee', 2
'2014', 2
'-2019', 2
'modishah', 2
'kee', 2
'vand', 2
'mataram', 2
'88662-886', 2
'fattusena', 2
'shiv', 2
'sena', 2
'young', 2
'001-91-', 2
'testimoni', 2
"'nation", 2
'concern', 2
'endeavour', 2
'populationcontrollaw', 2
'eagerli', 2
'donesir', 2
'sabha', 2
'patel', 2
'base', 2
'reserv', 2
'tukd', 2
'error', 2
'ğŸ‘', 2
'call-', 2
'hqr', 2
'challeng', 2
'sarkar', 2
'secretari', 2
'ğŸ¤³', 2
'abuzz', 1
'clarifi', 1
'*pl', 1
'asshol', 1
'morghod', 1
'vasan', 1
'sunneka', 1
'mayn', 1
'app', 1
'mya', 1
'requst', 1
'kiya', 1
'infavour', 1
'à¦‡', 1
'photo', 1
'bodi', 1
'iron', 1
'unavail', 1
'sambit', 1
'patra', 1
'citizenshiplaw', 1
'token', 1
'centr', 1
'wesupportnarendramodi', 1
'elit', 1
'derogatori', 1
'suck', 1
'himalayan', 1
'ego', 1
'2nd', 1
'worst', 1
'left', 1
'libtard', 1
'her*', 1
'she*', 1
'misl', 1
'particularli', 1
'armi', 1
'*a', 1
'*i', 1
'befit', 1
'inspit', 1
'pictur', 1
'profil', 1
'bimbo', 1
'duck', 1
'moota', 1
'kootam', 1
'ivaloodhan', 1
'vcknadagakadhalarg', 1
'neegalam', 1
'ipadithaan', 1
'nambivingala', 1
'multibagg', 1
'disclosur', 1
'invest', 1
'mood', 1
'masti', 1
'wali', 1
'baaten', 1
'attend', 1
'miscalled-8866288662', 1
'iranattack', 1
'samantha', 1
'lazi', 1
'introduc', 1
'lewd', 1
'call-in', 1
'callâ€¦cal', 1
'vinita', 1
'past', 1
'noon', 1
'wast', 1
'abil', 1
'beyond', 1
'amarsinghkarwan', 1
'howev', 1
'stupid', 1
'pretti', 1
'avail', 1
'cours', 1
'due', 1
'anti-n', 1
'isi', 1
'ğŸ¤¯', 1
'wherev', 1
'pain', 1
'sometim', 1
'nonsens', 1
'border', 1
'fakenew', 1
'yahoocricket', 1
'cm', 1
'ncr', 1
'anywher', 1
'world', 1
'citizencip', 1
'ammend', 1
'semest', 1
'asap', 1
'consult', 1
'40mint', 1
'0', 1
'boloami', 1
'2999-', 1
'amozon', 1
'total', 1
'slogan', 1
'otherwis', 1
'pok', 1
'jnu', 1
'lastli', 1
'migrant', 1
'far', 1
'smart', 1
'knew', 1
'bait', 1
'wire', 1
'kamlam', 1
'fact', 1
'kick', 1
'mother', 1
'bloodi', 1
'firstli', 1
'patienc', 1
'paxtani', 1
'apn', 1
'bahar', 1
'nikal', 1
'rhe', 1
'jitn', 1
'jyda', 1
'karog', 1
'utn', 1
'jyada', 1
'ğŸ', 1
'pata', 1
'chalega', 1
'celeb', 1
'grave', 1
'danger', 1
'identifi', 1
'sent', 1
'swear', 1
'notif', 1
'violat', 1
'articl', 1
'14', 1
'21', 1
'ğŸ“call', 1
'modiantin', 1
'rejectcaa', 1
'indiaagainstcaa', 1
'unconstitut', 1
'antidot', 1
'kuch', 1
'saab', 1
'patak', 1
'phod', 1
'deng', 1
'haft', 1
'tak', 1
'sub', 1
'aajayeng', 1
'syllabu', 1
'vinti', 1
'sb', 1
'kii', 1
'en', 1
'yadi', 1
'unm', 1
'unki', 1
'current', 1
'sath', 1
'jaru', 1
'ğŸ‡³jai', 1
'unfollow', 1
'shift', 1
'nota', 1
'reg', 1
'soleimani', 1
'infact', 1
'hotlin', 1
'separatist', 1
'left-w', 1
'advertis', 1
'blame', 1
'lol', 1
'obtain', 1
'funniest', 1
'gullibl', 1
'wan', 1
'indiaonlyagainstterrorist', 1
'gaddar', 1
'indianotagainsthindustanimusalman', 1
'akshaysupportscaa', 1
'impeach', 1
'ğŸ“²-', 1
'street', 1
'ğŸ‘8866288662', 1
'ghandi', 1
'direct', 1
'appoint', 1
'vipaksh', 1
'might', 1
'â€“', 1
'atleast', 1
'blue', 1
'tick', 1
'pawan', 1
'durani', 1
'mtlb', 1
'kuchh', 1
'jhoot', 1
'bss', 1
'kgfchapter2', 1
'valimai', 1
'boom', 1
'baam', 1
'10-15gb', 1
'period', 1
'ğŸ’¥', 1
'ğŸ¤«', 1
'fraand', 1
'caa-lcium', 1
'shelcal', 1
'jackpot', 1
'ğŸ¤ ', 1
'expert', 1
'weekendkavaar', 1
'dream11', 1
'gl', 1
'call8866288662tosupportcaa', 1
'els', 1
'amount', 1
'hyderabadmillionmarch', 1
'hyderabadagainstcaa', 1
'hyderabadprotest', 1
'hyderabad', 1
'locat', 1
'restrict', 1
'woman', 1
'pic', 1
'attach', 1
'ğŸ™jai', 1
'*indiasupportscaa*', 1
'supra', 1
'intellectu', 1
'honey', 1
'mingl', 1
'fraudster', 1
'repeatedli', 1
'idiot', 1
'p*****b', 1
'oc', 1
'biriyani', 1
'quarter', 1
'strategi', 1
'blindli', 1
'ground', 1
'realiti', 1
'loafer', 1
'bangaladesh', 1
'tradat', 1
'anjali', 1
'damania', 1
'beâ€¦', 1
'isupportmodiji', 1
'gon', 1
'properti', 1
'domain', 1
'lust', 1
'deceit', 1
'narat', 1
'refrain', 1
'valur', 1
'ignor', 1
'yeh', 1
'phone*', 1
'num-', 1
'well-don', 1
'chaman', 1
'chut*yeact', 1
'ğŸ™‚', 1
'ğŸ‡³if', 1
'publicis', 1
'music', 1
'extent', 1
'mota', 1
'aayega', 1
'jiski', 1
'***nd', 1
'dum', 1
'rok', 1
'lo', 1
'usko', 1
'seen', 1
'develop', 1
'electron', 1
'booth', 1
'haha', 1
'multipl', 1
'ğŸ’', 1
'investig', 1
'everyday', 1
'low', 1
'regest', 1
'mudi', 1
'wapa', 1
'jao', 1
'anyth', 1
'billow', 1
'liberandu', 1
'extra', 1
'begin', 1
'10-day', 1
'sunday', 1
'mobilis', 1
'mis-cal', 1
'sim', 1
'poor', 1
'decent', 1
'saport', 1
'fromtwitt', 1
'apolog', 1
'mouth', 1
'gaand', 1
'danda', 1
'chaht', 1
'chill', 1
'lifelong', 1
'suppli', 1
'onion', 1
'\U0001f9c5', 1
'market', 1
'growth', 1
'bhar', 1
'toilet', 1
'jaak', 1
'poster', 1
'chipka', 1
'chaiy', 1
'denger', 1
'sadhguru', 1
'v', 1
'still', 1
'ï½„ï½', 1
'ï½“ï½ˆï½ï½’ï½…', 1
'ï½”ï½ˆï½‰ï½“', 1
'ï½ï½…ï½“ï½“ï½ï½‡ï½…', 1
'ï½‰ï½”', 1
'ï½“', 1
'ï½†ï½’ï½ï½', 1
'ï½‰ï½“ï½ˆï½', 1
'ï½†ï½ï½•ï½ï½„ï½ï½”ï½‰ï½ï½', 1
'*some', 1
'apps*', 1
'whatsapp', 1
'*calls*', 1
'scene', 1
'foolproof', 1
'machchan', 1
'misscall-', 1
'info', 1
'friendship', 1
'*for', 1
'supporting*', 1
'*1-', 1
'*2-', 1
'8510022222*', 1
'*à¤œà¤¿à¤¨à¤•à¥‡', 1
'à¤ªà¤¾à¤¸', 1
'à¤¦à¥‹', 1
'à¤µà¥‹', 1
'à¤¦à¥‹à¤¨à¥‹à¤‚', 1
'à¤¦à¥‡à¤‚à¥¤*', 1
'burnt', 1
'buse', 1
'train', 1
'policemen', 1
'violent', 1
'democraci', 1
'meet', 1
'justin', 1
'bieber', 1
'ğŸ˜ƒ', 1
'ğŸ˜„', 1
'protestor', 1
'case', 1
'emerg', 1
'lathi-danda', 1
'colgat', 1
'health', 1
'check-up', 1
'lusti', 1
'bhabhi', 1
'ğŸ¤¦', 1
'lend', 1
'notocaa', 1
'discov', 1
'flaw', 1
'twice', 1
'accept', 1
'10of', 1
'manipul', 1
'convers', 1
'though', 1
'corrupt', 1
'bycottitcel', 1
'necess', 1
'fundamentalist', 1
'ident', 1
'faith', 1
'majdid', 1
'entir', 1
'shi', 1
'135', 1
'gurdwaranankanasahib', 1
'dere', 1
'influenc', 1
'caact', 1
'worldwar3', 1
'crazi', 1
'air', 1
'claim', 1
'kill', 1
'iranian', 1
'militari', 1
'opp', 1
'psuedo', 1
'bollywood', 1
'3rd', 1
'rate', 1
'dy', 1
'shd', 1
'tra', 1
'gui', 1
'illegalweapon2', 1
'à¤­à¥‚à¤®à¤¾à¤«à¤¿à¤¯à¤¾', 1
'à¤•à¤¾à¤‚à¤—à¥à¤°à¥‡à¤¸', 1
'itn', 1
'twit', 1
'hue', 1
'8866288562', 1
'chronolog', 1
'samjiy', 1
'pehl', 1
'banauga', 1
'natak', 1
'karuga', 1
'banda', 1
'hu', 1
'log', 1
'khojuga', 1
'usk', 1
'baad', 1
'unk', 1
'dm', 1
'bhejuga', 1
'vo', 1
'kareg', 1
'economi', 1
'calling*', 1
'idea', 1
'anonym', 1
'trace', 1
'traceabl', 1
'precursor', 1
'surveil', 1
'mayb', 1
'eventu', 1
'discrimin', 1
'telangana', 1
'funni', 1
'weaken', 1
'call-bait', 1
'label', 1
'mockeri', 1
'stronger', 1
'thought', 1
'ğŸ˜', 1
'despar', 1
'hadd', 1
'hoti', 1
'keyword', 1
'nationwid', 1
'stori', 1
'pretend', 1
'trap', 1
'unknowingli', 1
'à¤¬à¥‡à¤ˆà¤®à¤¾à¤¨', 1
'à¤¹à¥‹', 1
'à¤¤à¥à¤®-8866288662', 1
'platform', 1
'courag', 1
'dare', 1
'100', 1
'rupe', 1
'paytm', 1
'upi', 1
'nail', 1
'rohingya', 1
'muzlim', 1
'promis', 1
'gandhiji', 1
'separ', 1
'nehruliyaqatfailedcompo', 1
'tab', 1
'enter', 1
'amazingli', 1
'th', 1
'devout', 1
'tip', 1
'situat', 1
'badli', 1
'à¤¡à¤¾à¤¯à¤²', 1
'à¤•à¤¿à¤¯à¤¾', 1
'partit', 1
'kannan', 1
'gopinath', 1
'jamiamilliaislamia', 1
'jamiaamufightback', 1
'jamiaprotest', 1
'aligarhmuslimunivers', 1
'amu', 1
'bharti', 1
'surpris', 1
'unconcern', 1
'attitud', 1
'biggest', 1
'weak', 1
'hinduhaterkejriw', 1
'shameongandhi', 1
'shameonpakistan', 1
'fcunk', 1
'peeep', 1
'id', 1
'gay', 1
'conveni', 1
'passiv', 1
'percept', 1
'Â·i', 1
'close', 1
'deshkagauravmodi', 1
'vijayibharat', 1
'deshmodikesaath', 1
"'miss", 1
'upon', 1
'urgernt', 1
'30', 1
'sec', 1
'ministri', 1
'5k', 1
'within', 1
'saftey', 1
'lac', 1
'instant', 1
'disburs', 1
'jam', 1
'traffic', 1
'loss', 1
'ğŸ†’', 1
'referendum', 1
'mala', 1
'fide', 1
'intent', 1
'children', 1
'prosper', 1
'overwhelm', 1
'emot', 1
'wing', 1
'foot', 1
'soldier', 1
'definit', 1
'moral', 1
'pay', 1
'sushil', 1
'saraogi', 1
'2018', 1
'mescol', 1
'research', 1
'unanim', 1
'sindhi', 1
'suprabhat', 1
'bhaarath', 1
'translat', 1
'taunt', 1
'call-8866288662', 1
'telanganasupportscaa', 1
'suppoer', 1
'plaes', 1
'form', 1
'amed', 1
'cabbill2019', 1
'hearti', 1
'pranam', 1
'rama', 1
'rogu', 1
'saturday', 1
'countless', 1
'mijor', 1
'caaantimodiconspiraci', 1
'number-', 1
'constitution', 1
'shld', 1
'thru', 1
'isnt', 1
'ğŸ’ƒ', 1
'fridaythought', 1
'agarw', 1
'youth', 1
'mahila', 1
'shakha', 1
'ladi', 1
'wesupportcab', 1
'wesupportnrc', 1
'jaya', 1
'à¬­à¬¦à­à¬°à¬•', 1
'supportnrc', 1
'supportcab', 1
'jose', 1
'hindustan', 1
'ab', 1
'samjha', 1
'amarind', 1
'lagta', 1
'wais', 1
'hum', 1
'hamar', 1
'70', 1
'jab', 1
'pheke', 1
'congi', 1
'isupportcab', 1
'advanc', 1
'imighyet', 1
'indiasupportsnrc', 1
'mise', 1
'carri', 1
'survey', 1
"'ve", 1
'uncondit', 1
'ge2019', 1
'bro', 1
'contribut', 1
'press', 1
'muxlim', 1
'krke', 1
'wt', 1
'abt', 1
'kid', 1
'utter', 1
'nara', 1
'takbeer', 1
'*to', 1
"ma'am", 1
'earli', 1
'bird', 1
'sensibl', 1
'planet', 1
'earth', 1
'ğŸ‘‘', 1
'money', 1
'wealth', 1
'stardum', 1
'fem', 1
'retain', 1
'nrc-caa', 1
'plee', 1
'calk', 1
'supprt', 1
'cong', 1
'mummi', 1
'papa', 1
'airje', 1
'nagriktha', 1
'keliy', 1
'ğŸ‡³india', 1
'victim', 1
'afghani', 1
'indiasuppotscaa', 1
'karma', 1
'raho', 1
'fal', 1
'asha', 1
'mat', 1
'rakho', 1
'tweeter', 1
'slap', 1
'definerki', 1
'daili', 1
'islamist', 1
'shak', 1
'prevail', 1
'empathi', 1
'piec', 1
'à¤—à¥à¤‚à¤¡à¥‹à¤‚', 1
'à¤•à¤¾à¤²', 1
'à¤¯à¥‹à¤—à¥€', 1
'oblig', 1
'mamtadidi', 1
'kejriw', 1
'thx', 1
'supportpm', 1
'indiasupportsca', 1
'cll', 1
'boon', 1
'massacr', 1
'behalf', 1
'well-wish', 1
'disconnect', 1
'vest', 1
'uniform', 1
'civil', 1
'hell', 1
'dediya', 1
'ble', 1
'shahji', 1
'muhim', 1
'zyada', 1
'hinduphob', 1
'hater', 1
'plain', 1
'-via', 1
'jara', 1
'npa', 1
'unabl', 1
'complaint', 1
'resolv', 1
'janata', 1
'nu', 1
'raili', 1
'ind', 1
'jammukashmir', 1
'jammuc', 1
'sincer', 1
'effort', 1
'tinsukia', 1
'assam', 1
'rout', 1
'beacous', 1
'citi', 1
'kudo', 1
'motabhairoxx', 1
'motabhai', 1
'motabhairock', 1
'supp', 1
'hahahaha', 1
'unleash', 1
'sponsor', 1
'tukde-tukd', 1
'fizzl', 1
'realis', 1
'virtu', 1
'misd', 1
'wa', 1
'ğŸ™fast', 1
'amitshahonabpnew', 1
'render', 1
'mofi', 1
'khule', 1
'aam', 1
'rig', 1
'homeminist', 1
'denial', 1
"'referendum", 1
'bÄngÄl', 1
'unequivoc', 1
'tortur', 1
'bangla', 1
'miss-cal', 1
'101', 1
'bengalwithcaa', 1
'disrepect', 1
'pakistanihindu', 1
'ğŸ‘ˆ', 1
'indiasupportcaanpr', 1
'goasupportcaa', 1
'mo', 1
'ï¿¼', 1
'herebi', 1
'citizenshipact', 1
'citizenshipbil', 1
'kr', 1
'den', 1
'â¤', 1
'invalu', 1
'à¤¨à¤¾à¤—à¤°à¤¿à¤•à¤¤à¤¾', 1
'à¤¸à¤‚à¤¶à¥‹à¤§à¤¨', 1
'à¤•à¤¾à¤¨à¥‚à¤¨', 1
'isko', 1
'â¡ï¸', 1
'indianarmi', 1
'caaislamistlinkprob', 1
'nameï¼šc', 1
'phoneï¼š8866288662ï¼›', 1
'localbodyelectionresult', 1
'feedback', 1
'appreci', 1
'sit', 1
'tamilnadu', 1
'dmk', 1
'tnsupportscaa', 1
'caamissedcal', 1
'bolster', 1
'nation-wid', 1
'contenti', 1
'provis', 1
'communiqu', 1
'keralasupportcaa', 1
'antinationlist', 1
'guid', 1
'minster', 1
'establish', 1
'standard', 1
'practic', 1
'prior', 1
'stakehold', 1
'democrat', 1
'loud', 1
'submit', 1
'court', 1
'copi', 1
'report', 1
'rest', 1
'took', 1
'cheat', 1
'kab', 1
'khoon', 1
'khaulega', 1
'tera', 1
'jnuviol', 1
'jnuattack', 1
'abvpviolenceinjnu', 1
'risk', 1
'xxxxxxx', 1
'circumst', 1
'bigger', 1
'â¤8866288662', 1
'delhiwithbjp', 1
'-2', 1
'benifit', 1
'outsid', 1
'tirupati', 1
'interact', 1
'dispel', 1
'freebi', 1
'nrcagainsthindu', 1
'modili', 1
'katyayan', 1
'bjpbribesbollywood', 1
'anuragkashyap', 1
'anurag', 1
'kashyap', 1
"'call", 1
'88662-87662', 1
'assum', 1
'intellig', 1
'anarkali', 1
'career', 1
'soft', 1
'punjabi', 1
'trim', 1
'hair', 1
'ravind', 1
'shot', 1
'dead', 1
'peshawar', 1
'ethnic', 1
'cleans', 1
'kakani', 1
'known', 1
'venigandla', 1
'sri', 1
'sivaswami', 1
'irrespect', 1
'religion', 1
'find', 1
'mbl', 1
'bd', 1
'afgh', 1
'jobaft', 1
'dickhead', 1
'caaawar', 1
'workshop', 1
'door-to-door', 1
'citizenshipamendementact', 1
'insupportofnrc', 1
'insupportofcaa', 1
'dude', 1
'justif', 1
'instantli', 1
'isley', 1
'hua', 1
'kyuki', 1
'dusr', 1
'jihad', 1
'abhi', 1
'kabhi', 1
'die', 1
'*give', 1
'number*', 1
'*after', 1
'88662*', 1
'pandit', 1
'award', 1
'dedic', 1
'god', 1
'disgust', 1
'film', 1
'maker', 1
'ğŸ‡³mi', 1
'ğŸ‡³each', 1
'sympathi', 1
'hightim', 1
'righttim', 1
'section', 1
'declar', 1
'unreli', 1
'afg-ban-pak', 1
'drama', 1
'upper', 1
'ais', 1
'ya', 1
'koi', 1
'fark', 1
'padn', 1
'wala', 1
'weekend', 1
'borrow', 1
'reaction', 1
'af-pak-bâ€¦', 1
'abl', 1
'statement', 1
'siddhu', 1
'sleepless', 1
'2024', 1
'paper', 1
'gaandi', 1
'-tw', 1
'didi', 1
'repeat', 1
'nanakanasahibattack', 1
'incid', 1
'à¤•à¤°', 1
'à¤¦à¥‡', 1
'at8866288662', 1
'stood', 1
'donot', 1
'embarrass', 1
'differnt', 1
'urban', 1
'naxal', 1
'buddha', 1
'ğŸ™à¤œà¤¯', 1
'à¤°à¤¾à¤®', 1
'â›³ï¸', 1
'facebook', 1
'feed', 1
'consent', 1
'bjptrap', 1
'somebodi', 1
'woofooo', 1
'ğŸ¤©', 1
'ğŸ¥°', 1
'time-bomb', 1
'certain', 1
'timer', 1
'blast', 1
'diffus', 1
'ğŸ˜Œ', 1
'chalo', 1
'meri', 1
'ğŸ˜‰', 1
'88662indiasupportscaa', 1
'titil', 1
'although', 1
'none', 1
'enlighten', 1
'à¤¶à¥à¤°à¥€à¤°à¤¾à¤®', 1
'enough', 1
'fraud', 1
'nro', 1
'purpos', 1
'humor', 1
'insecur', 1
'babi', 1
'tv', 1
'seri', 1
'exposÃ©', 1
'ğŸ™„', 1
'mischiev', 1
'alia', 1
'bhatt', 1
'88662â€“88662', 1
'aliabhatt', 1
'88662supportscaa', 1
'whoever', 1
'withdraw', 1
'lif', 1
'10000r', 1
'debit', 1
'ranga', 1
'billa', 1
'loot', 1
'jaldi', 1
'vali', 1
'aapki', 1
'pusht', 1
'payengi', 1
'phir', 1
'respond', 1
'shree', 1
'cal', 1
'alon', 1
'nmber', 1
'ğŸ˜•', 1
'portal', 1
'particular', 1
'antinationalmodia', 1
'ravishkumar', 1
'incident', 1
'pakoda', 1
'congressi', 1
'masturb', 1
'son', 1
'rajivgandhi', 1
'ğŸ“±', 1
'yamunapathak', 1
'bjpleader', 1
'loyalti', 1
'sharia', 1
'quietli', 1
'dhruv', 1
'rathe', 1
'squad', 1
'give-away', 1
'list', 1
'hurri', 1
'worldwariii', 1
'usirantens', 1
'okkk', 1
'contd', 1
'kejriwaltondtv', 1
'subsidi', 1
'foreign', 1
'72', 1
'prioriti', 1
'collect', 1
'15lac', 1
'credit', 1
'hmo', 1
'mamata', 1
'bark', 1
'2021', 1
'idol', 1
'guess', 1
'popular', 1
'eye', 1
'elder', 1
'stateless', 1
'31-12-2014', 1
'attent', 1
'chart', 1
'à¤œà¤¿à¤¹à¤¾à¤¦à¥€', 1
'motiv', 1
'200', 1
'shia', 1
'baloch', 1
'balochistan', 1
'independ', 1
'ahmadiyya', 1
'everywher', 1
'guarante', 1
'66882', 1
'alert', 1
'lift', 1
'uh', 1
'fate', 1
'nonmuslim', 1
'exce', 1
'50', 1
'ğŸ¼call', 1
'rs1', 1
'medic', 1
'expens', 1
'-88662', 1
']', 1
'type', 1
'millenni', 1
'booti', 1
'book', 1
'anticaaprotest', 1
'luv4india', 1
'breakingindiaforc', 1
'misus', 1
'vulgar', 1
'okay', 1
"'real", 1
'advoc', 1
'p', 1
'applic', 1
'virtual-world', 1
'woke', 1
'918866288662', 1
'thro', 1
'forev', 1
'thu', 1
'told', 1
'hereinaft', 1
'certainli', 1
'kafir', 1
'infid', 1
'warn', 1
'ghajwa-e-hind', 1
'deduct', 1
'5r', 1
'pre-paid', 1
'paid', 1
'extens', 1
'2019brought', 1
'undo', 1
'blunder', 1
'ğŸ˜€', 1
'fals', 1
'hashtag', 1
'mistak', 1
'quit', 1
'derail', 1
'8866288662-call', 1
'humour', 1
'soniagandhi', 1
'priyankagandhi', 1
'display', 1
'mist', 1
'zeenew', 1
'à¤à¥‚à¤ à¥€', 1
'à¤…à¤«à¤µà¤¾à¤¹à¥‹', 1
'à¤¬à¤šà¥‡à¥¤', 1
'à¤•à¤°à¥‡à¤‚à¥¤', 1
'fill', 1
'evil', 1
'nankana', 1
'sahab', 1
'isupportscaa', 1
'88662-88â€¦', 1
'enemi', 1
'gut', 1
'Â±91-8866288662', 1
'complain', 1
'atroc', 1
'pidi', 1
'hang', 1
'rangabilla', 1
'kungfukuttha', 1
'mainoshreetweet', 1
'on8866288662', 1
'altern', 1
'subscrib', 1
'ban', 1
'dec', 1
'31', 1
'worldwarthre', 1
'saturdaythought', 1
'trumpswar', 1
'madam', 1
'10-15', 1
'*import', 1
'encourag', 1
'indiasupportscaai', 1
'yor', 1
'fo', 1
'yuu', 1
'yorr', 1
'alarm', 1
'indiasuperpower2020', 1
'88652', 1
'88866288662', 1
'banu', 1
'throw', 1
'jidadi', 1
'bharatmatakijai', 1
'aandolan', 1
'91-8866288662', 1
'december31', 1
'excel', 1
'boss', 1
'sainik', 1
'rethink', 1
'shivsena', 1
'core', 1
'valu', 1
'credenti', 1
'insult', 1
'habit', 1
'style', 1
'humbharatkelog', 1
'advakshaymadanbjp', 1
'imran', 1
'khan', 1
'niazi', 1
'coz', 1
'imrankhan', 1
'self', 1
'boot', 1
'gandhiz', 1
'indiasupportscab', 1
'followback', 1
'blood', 1
'gcc', 1
'gulf', 1
'co-oper', 1
'council', 1
'oman', 1
'uae', 1
'saudiarabia', 1
'bahrain', 1
'qatar', 1
'kuwait', 1
'yemen', 1
'ladakh', 1
'visionari', 1
'011-91-8866288662', 1
'proclaim', 1
'75', 1
'archana', 1
'kapur', 1
'panchkula', 1
'indialovesmodi', 1
'paki', 1
'farhanakhtar', 1
'gauaharkhan', 1
'humaqureshi', 1
'indiawithcaa', 1
'à¤†à¤¨à¥‡', 1
'à¤µà¤¾à¤²à¤¾', 1
'bjpmembership', 1
'offens', 1
'dial8866288662', 1
'embed', 1
'preciou', 1
'amitshahinjodhpur', 1
'modihaitohmumkinhai', 1
'lokasabha', 1
'varanasi', 1
'replac', 1
'à¤¹à¤¿à¤‚à¤¦', 1
'return', 1
'rebirth', 1
'sardar', 1
'puls', 1
'karnatakawelcomesmodi', 1
'demand', 1
'erad', 1
'cast', 1
'implement', 1
'econim', 1
'condit', 1
'savemeritsaven', 1
'wish', 1
'rais', 1
'opppp', 1
'network', 1
'ğŸ˜”', 1
'usa', 1
'caabill2019', 1
'pit', 1
'ğŸ”¥', 1
'karn', 1
'es', 1
'spokesperson', 1
'sudhanshu', 1
'à¤•à¤°à¥‡à¤‚', 1
'ngr', 1
'less', 1
'rr', 1
'arun', 1
'bata', 1
'raha', 1
'mumbai', 1
'anounc', 1
'namo', 1
'cant', 1
'senior', 1
'headquart', 1
'immediatli', 1
'rememeb', 1
'ğŸ™those', 1
'injustic', 1
'proudindian', 1
'jogind', 1
'alongwith', 1
'ajay', 1
'saklani', 1
'district', 1
'treasur', 1
'roshan', 1
'lal', 1
'thakur', 1
'lad', 1
'bharol', 1
'balotu', 1
'town', 1
'rajya', 1
'bjp4andhra', 1
'bjp4telangana', 1
'jpnadda', 1
'fridayfeel', 1
'dd', 1
'authent', 1
'space', 1
'bengalsupportscaa', 1
'inord', 1
'88662-8862', 1
'indiasupportcab', 1
'bjpmp', 1
'faizahmedfaiz', 1
'toofan', 1
'iitkanpur', 1
'saraalikhan', 1
'gobackmodi', 1