'missed', 1095
'give', 887
'indiasupportscaa', 792
'nrc', 511
'please', 429
'citizenship', 240
'show', 228
'amendment', 214
'request', 192
'register', 188
'bjp', 187
'minorities', 179
'friends', 152
'persecuted', 150
'pm', 145
'act', 144
'npr', 142
'bangladesh', 141
'given', 141
'india', 140
'pakistan', 139
'people', 132
'afghanistan', 129
'government', 128
'religiously', 126
'extend', 115
'kindly', 108
'-', 105
'called', 104
'justice', 104
'gave', 103
'brought', 100
"'s", 95
'2019', 91
'ensure', 89
'indiasupportscca', 88
'ji', 85
'historic', 83
'indian', 82
'dial', 77
'act-2019', 77
'free', 73
'caasupport', 73
'isupportcaa', 72
'indiadoessupportcaa', 71
'caa2019', 70
'giving', 68
'5', 67
'toll-free', 65
'calls', 63
'88662', 61
'spread', 59
'modi', 54
'â€™', 54
'ğŸ‡®ğŸ‡³', 54
'endorsement', 53
'indiasupportcaa', 53
'believe', 52
'momentum', 51
"n't", 50
'citizenshipamendmentact', 50
'tag', 50
'campaign', 46
'want', 46
'done', 46
'toll', 45
'stand', 42
'get', 41
'pledge', 41
'wholeheartedly', 41
'launched', 40
'citizens', 40
'rights', 38
'u', 37
'plz', 36
'bill', 36
'goverment', 36
'dialed', 35
'launches', 35
'yet', 34
'pls', 34
'nation', 33
'jai', 33
'indiasupportcca', 33
'one', 32
'dear', 32
'country', 32
'time', 31
'also', 31
'govt', 31
'supporting', 30
'make', 30
'amit', 29
'protest', 29
'supportcaa', 28
'everyone', 28
'cab', 27
'cell', 27
'minister', 26
'ur', 26
'shah', 25
'calling', 25
'hind', 25
'ğŸ‘‡', 24
'supporters', 23
'3', 23
'misscall', 23
'ğŸ™', 23
'shri', 23
'law', 22
'narendra', 22
'indians', 22
'â˜ï¸', 22
'phone', 21
'99535', 21
'88585', 21
'againstcaa', 21
'humane', 21
'responsibility', 21
'share', 20
'like', 20
'compassion', 20
'legislation', 20
'ensures', 20
'fulfils', 20
'civilisational', 20
'shelters', 20
'sh', 20
'save', 19
'become', 19
'us', 19
'honourable', 19
'full', 19
'let', 19
'sir', 18
'right', 18
'91', 18
'yes', 18
'guys', 18
'caa-2019', 18
'af-pak-ban', 18
'new', 17
'home', 17
'family', 17
"'", 17
'fake', 17
'life', 17
'-8866288662', 17
'party', 16
'thanks', 16
'help', 16
'1', 16
'need', 16
'ethos', 16
'inclusiveness', 16
'population', 15
'gives', 15
'2', 15
'kare', 15
'appeal', 15
'n', 15
'brothers', 15
'à¤•à¤¾', 15
'solidarity', 15
'nothing', 15
'opportunity', 15
'states', 15
'supports', 14
'media', 14
'following', 14
'go', 14
'cca', 14
'pak', 14
'awareness', 14
'theocratic', 14
'news', 13
'social', 13
'every', 13
'mobile', 13
'à¤®à¥‹à¤¦à¥€', 13
'à¤¶à¤¾à¤¨', 13
'must', 13
'prime', 13
'first', 13
'favour', 13
'--', 13
'good', 13
'retweet', 13
'asking', 12
'propaganda', 12
'numbers', 12
'opposition', 12
'pl', 12
'long', 12
'end', 12
'miscall', 12
'thank', 12
'look', 12
'getting', 12
'k', 12
'hindus', 12
'express', 12
'à¤¹à¥‚à¤', 12
'today', 12
'sikhs', 11
'hinduism', 11
'part', 11
'requested', 11
'r', 11
'know', 11
'already', 11
'wesupportcaa', 11
'vote', 11
'girls', 11
'using', 11
'twitter', 11
'anyone', 11
'way', 11
'come', 11
'works', 10
'used', 10
'netflix', 10
'anti', 10
'members', 10
'à¤¹à¤®à¤¾à¤°à¥€', 10
'à¤†à¤¨', 10
'à¤¬à¤¾à¤¨', 10
'tweet', 10
'cause', 10
'minority', 10
'nos', 10
'tell', 10
'public', 10
'desh', 10
'ke', 10
'take', 10
'mr', 10
'afghan', 10
'citizenshipammendmentact', 10
'ask', 10
'citizenshipamendmentbill', 10
'amitshah', 10
'hm', 10
'propagated', 9
'tricks', 9
'hindu', 9
'true', 9
'many', 9
'cheap', 9
'control', 9
'try', 9
'hai', 9
'see', 9
'uphold', 9
'harmony', 9
'land', 9
'decades', 9
'sufferings', 9
'ki', 9
'supported', 9
'à¤¸à¤®à¤°à¥à¤¥à¤¨', 9
'caajanjagran', 9
'humanity', 9
'refugees', 9
'movement', 9
'made', 8
'callğŸ‘‰8866288662', 8
'ğŸš©ğŸš©ğŸš©ğŸ‡®ğŸ‡³', 8
'real', 8
'1-', 8
'2-', 8
'-8510022222', 8
'hi', 8
'back', 8
'speak', 8
'offer', 8
'safe', 8
'se', 8
'pe', 8
'countries', 8
'bhi', 8
'bharat', 8
'always', 8
'countrymen', 8
'stop', 8
'à¤®à¥ˆà¤‚', 8
'national', 8
'à¤œà¤¨', 8
'jan', 8
'happy', 8
'controversial', 7
'read', 7
'subscription', 7
'â€', 7
'citizen', 7
'via', 7
'even', 7
'would', 7
'dialing', 7
'without', 7
'muslims', 7
'official', 7
'better', 7
'well', 7
'pr', 7
'ko', 7
'missedcall', 7
'live', 7
'data', 7
'de', 7
'rt', 7
'dail', 7
'join', 7
'launch', 7
'bla', 7
'issued', 7
'answer', 7
'protests', 7
'religious', 7
'nankanasahib', 7
'narendramodi', 7
'4', 7
'search', 7
'à¤•à¤°à¤¤à¤¾', 7
'jodhpur', 7
'ğŸ™ğŸ‡®ğŸ‡³', 7
'central', 7
'reflects', 7
'delhi', 6
'rahul', 6
'think', 6
'comment', 6
'mynt', 6
"'m", 6
'welfare', 6
'year', 6
'messages', 6
'oppose', 6
'across', 6
'really', 6
'h', 6
'ppl', 6
'response', 6
'liye', 6
'follow', 6
'caaprotests', 6
'leaders', 6
'friend', 6
'citizenshipamendmentact2019', 6
'kar', 6
'ğŸ™ğŸ™', 6
'respected', 6
'serious', 6
'could', 6
'reach', 6
'account', 6
'message', 6
'reason', 6
'job', 6
'favor', 6
'security', 6
'à¤­à¤¾à¤°à¤¤', 6
'à¤¨à¤¾à¤—à¤°à¤¿à¤•', 6
'à¥¤', 6
'started', 6
'mata', 6
'j', 6
'provide', 6
'âœ…', 6
'busy', 6
'door', 6
'easy', 6
'away', 6
'president', 6
'â¤ï¸', 6
'88662-', 6
'bengal', 6
'ruling', 5
'sunny', 5
'leone', 5
'â€˜', 5
'times', 5
'â€œ', 5
'*', 5
'relatives', 5
'dirty', 5
'exposed', 5
'ka', 5
'released', 5
'fully', 5
'side', 5
'congress', 5
'desperate', 5
'leader', 5
'waiting', 5
'much', 5
'possible', 5
'beware', 5
'understand', 5
'par', 5
'simple', 5
'regarding', 5
'forward', 5
'next', 5
'say', 5
'bhai', 5
'ek', 5
'jo', 5
'toh', 5
'plzz', 5
'ahead', 5
'different', 5
'counter', 5
'protect', 5
'got', 5
'shared', 5
'pappu', 5
'ğŸ‘‰', 5
'valuable', 5
'hands', 5
'islamic', 5
'issue', 5
'talk', 5
'tweeting', 5
'since', 5
'urge', 5
'means', 5
'pro', 5
'campaigns', 5
'lot', 5
'simply', 5
'jammu', 5
'jagran', 5
'future', 5
'great', 5
'organised', 5
'samarthan', 5
'ring', 5
'â¬…ï¸', 5
"'done", 5
'persecution', 5
'said', 5
'hon', 5
'thinking', 5
'dont', 5
'buddhists', 5
'jains', 5
'christians', 5
'voice', 5
'nagar', 5
'8866288662ğŸš©', 5
'taking', 5
'mp', 5
'thread', 4
'rajneeti', 4
'asked', 4
'c', 4
'towards', 4
'muslim', 4
'belongs', 4
'target', 4
'growing', 4
'trying', 4
'rw', 4
'joke', 4
'charged', 4
'mamta', 4
'ağŸ¤³missedğŸ“²', 4
'callğŸ‘‰ğŸ“±8866288662', 4
'citizenshipammendmentact2019', 4
"'re", 4
'avoid', 4
'gandhi', 4
'passed', 4
'union', 4
"'support", 4
'expect', 4
'came', 4
'mentioned', 4
'rajasthansupportscaa', 4
'1000', 4
'aazadi', 4
'sisters', 4
'ringing', 4
'step', 4
'liberals', 4
'zee', 4
'e', 4
'promoting', 4
'line', 4
'kre', 4
'jaihind', 4
'sure', 4
'à¤à¤‚à¤Ÿà¥€à¤¨à¥‡à¤¶à¤¨à¤²', 4
'à¤¹à¥ˆà¤‚', 4
'chahiye', 4
'nd', 4
'à¤¨à¤‚à¤¬à¤°', 4
'trend', 4
'showing', 4
'pick', 4
'tweets', 4
'hav', 4
'hey', 4
'oppressed', 4
'humanitarian', 4
'name', 4
'put', 4
'apna', 4
'8866288662*', 4
'count', 4
'question', 4
'power', 4
'mark', 4
'change', 4
'promotion', 4
'nrp', 4
'contact', 4
'coming', 4
'anti-caa', 4
'followers', 4
'best', 4
"'ll", 4
'turn', 4
'results', 4
'remain', 4
'working', 4
'pro-caa', 4
'keep', 4
'à¤®à¥‡à¤‚', 4
'à¤¸à¤¾à¤µà¤°à¤•à¤°', 4
'record', 4
'readers', 4
'peoples', 4
'fellow', 4
'along', 4
'ğŸ“8866288662', 4
'abhiyaan', 4
'immediately', 4
'person', 4
'kaise', 4
'initiative', 4
'à¤ªà¤°', 4
'making', 4
'8866288662ğŸ™', 4
'use', 4
'95', 4
'block', 4
'reiterated', 4
'mandal', 4
'nationalists', 4
'leave', 4
'parsis', 4
'dialğŸ‘‡ğŸ‘‡ğŸ‘‡ğŸ‘‡', 4
'drum', 3
'published', 3
'department', 3
'jain', 3
'ideology', 3
'garner', 3
'me*', 3
'parties', 3
'opposing', 3
'â€”', 3
'ğŸ˜˜', 3
'callğŸ˜', 3
'something', 3
'nationalist', 3
'action', 3
'virat', 3
'kohli', 3
'nominated', 3
'cricketer', 3
'agree', 3
'politics', 3
'chance', 3
'aware', 3
'majority', 3
'someone', 3
'high', 3
'cost', 3
'video', 3
'promotional', 3
'luck', 3
'morning', 3
'importance', 3
'correct', 3
'women', 3
'generation', 3
'witnessing', 3
'ecosystem', 3
'rather', 3
'caught', 3
'vicious', 3
'cycle', 3
'terror', 3
'landscape', 3
'digital', 3
'ğŸ˜‚ğŸ˜‚ğŸ˜‚', 3
'nahi', 3
'care', 3
'winningsid', 3
'ho', 3
'soon', 3
'ğŸ˜‚ğŸ˜‚', 3
'na', 3
'win', 3
'ğŸ’ª', 3
'mis', 3
'team', 3
'everything', 3
'order', 3
'sex', 3
'check', 3
'constitution', 3
'taken', 3
'night', 3
'dena', 3
'replied', 3
'non', 3
'never', 3
'ğŸ™ğŸ™ğŸ™', 3
'going', 3
'state', 3
'happen', 3
'lets', 3
'openly', 3
'per', 3
'king', 3
'mein', 3
'girl', 3
'indiadoesnotsupportcaa', 3
'opinion', 3
'massive', 3
'à¤…à¤ªà¤¨à¥‡', 3
'peaceful', 3
'voting', 3
'system', 3
'strongly', 3
'actually', 3
'prove', 3
'remove', 3
'whole', 3
'yogikagundaraj', 3
'dr', 3
'tel', 3
'till', 3
'fir', 3
'build', 3
'andhra', 3
'huge', 3
'nrcprotests', 3
'-caa', 3
'may', 3
'ğŸ‘', 3
'community', 3
'interest', 3
'forces', 3
'moron', 3
'strength', 3
'matters', 3
'road', 3
'88662-88662', 3
'10', 3
'nationfirst', 3
'ca', 3
'w', 3
'jay', 3
'yr', 3
'listen', 3
'bit', 3
'stone', 3
'relief', 3
'dignity', 3
'day', 3
'pelting', 3
'finally', 3
'à¤­à¤—à¤µà¤¾', 3
'à¤•à¥€', 3
'à¤¯à¥‹à¤—à¥€à¤œà¥€', 3
'suport', 3
'à¤‡à¤¸', 3
'*8866288662*', 3
'unite', 3
'decision', 3
'living', 3
'grants', 3
'afganistan', 3
'crores', 3
'bjp4india', 3
'open', 3
'thursday', 3
'pmmodi', 3
'lost', 3
'revealed', 3
'rally', 3
'11', 3
'temple', 3
'maximum', 3
'karke', 3
'strong', 3
'caajanjagaran', 3
'ready', 3
'controversy', 3
'72518-72518', 3
'bhakt', 3
'love', 3
'watan', 3
'nubber', 3
'legitimate', 3
'running', 3
'distributed', 3
'pamphlets', 3
'presence', 3
'â˜‘ï¸', 3
'ğŸ“', 3
'utho', 3
'kroğŸ˜', 3
'village', 3
'ğŸ˜Š', 3
'directly', 3
'wrong', 3
'sugar', 3
'coated', 3
'words', 3
'enticement', 3
'auto', 3
'automatic', 3
'dialer', 3
'fudge', 3
'kind', 3
'aur', 3
'rss', 3
'jihadi', 3
'careful', 3
'loving', 3
'proud', 3
'territorial', 3
'sovereignty', 3
'integrity', 3
'sye', 3
'karie', 3
'pyaar', 3
'voh', 3
"is'sye", 3
'kaerye', 3
'inkaar', 3
'leadership', 3
'ğŸ’¯', 3
'veersavarkar', 3
'nris', 3
'secure', 3
'karnatakawithmodi', 3
'trikuta', 3
'dosti', 2
'friday', 2
'agenda', 2
'jee', 2
'bad', 2
'ishai', 2
'patrons', 2
'rashtavaqt', 2
'man', 2
'stands', 2
'noble', 2
'pathetic', 2
'thing', 2
'programme', 2
'reply', 2
'baba', 2
'head', 2
'dumb', 2
'unga', 2
'stock', 2
'screenshot', 2
'play', 2
'role', 2
'member', 2
'movie', 2
'write', 2
'explain', 2
'akshay', 2
'kumar', 2
'duty', 2
'banpfi', 2
'*call', 2
'ğŸ‘‰ğŸ‘‰8866288662', 2
'secularism', 2
'appeasement', 2
'iranwar', 2
'hindustani', 2
'began', 2
'solicit', 2
'minute', 2
'connection', 2
'tweeted', 2
'etc', 2
'telling', 2
'viratkohli', 2
'vision', 2
'jobs', 2
'knowledge', 2
'looking', 2
'behind', 2
'rioters', 2
'ever', 2
'code', 2
'neglect', 2
'service', 2
'normally', 2
'dis', 2
'6', 2
'months', 2
'username', 2
'password', 2
'valid', 2
'callers', 2
'ğŸ‘ğŸ»', 2
'ğŸ™good', 2
'leftist', 2
'illegal', 2
'ones', 2
'supporter', 2
'link', 2
'gathering', 2
'program', 2
'explained', 2
'reaching', 2
'large', 2
'terrorist', 2
'interested', 2
'forcaa', 2
'saare', 2
'dheere', 2
'ğŸ‘‰8866288662', 2
'beloved', 2
'saved', 2
'participated', 2
'g', 2
'15', 2
'send', 2
'ucc', 2
'aap', 2
'karte', 2
'krne', 2
'ğŸ‡®ğŸ‡³ğŸ‡®ğŸ‡³', 2
'hope', 2
'reduced', 2
'lest', 2
'instead', 2
'secular', 2
'mislead', 2
'nasty', 2
'leftists', 2
'caaprotest', 2
'methods', 2
'winning', 2
'9953588585', 2
'wale', 2
'says', 2
'leaked', 2
'bol', 2
'aane', 2
'jio', 2
'karo', 2
'opposed', 2
'truth', 2
'myth', 2
'later', 2
'parliament', 2
'anyways', 2
'malign', 2
'saying', 2
'lonely', 2
'gaining', 2
'ğŸŒ·ğŸŒ·ğŸŒ·ğŸŒ·ğŸŒ·ğŸŒ·ğŸŒ·ğŸŒ·ğŸŒ·', 2
'protesting', 2
'single', 2
'viewerschoiceasim', 2
'shame', 2
'especially', 2
'goons', 2
'remember', 2
'recorded', 2
'among', 2
'shocking', 2
'whether', 2
'orcong', 2
'plese', 2
'irresponsible', 2
'le', 2
'*me', 2
'call*', 2
'withcaa', 2
'brain', 2
'à¤ªà¥à¤°à¤¿à¤¯à¤‚à¤•à¤¾à¤•à¤¾à¤¹à¤¾à¤¥à¤¦à¤‚à¤—à¤¾à¤‡à¤¯à¥‹à¤‚à¤•à¥‡', 2
'à¤¸à¤¾à¤¥', 2
'hello', 2
'modiji', 2
'votes', 2
'citizenshipamendmentbill2019', 2
'spam', 2
'advice', 2
'thankyou', 2
'drive', 2
'promote', 2
'vandemataram', 2
'two', 2
'istandwithcaa', 2
'allow', 2
'btw', 2
'holding', 2
'carefully', 2
'little', 2
'late', 2
'ï½ï½ï½”', 2
'dating', 2
'behaving', 2
'sunnyleone', 2
'à¤¹à¥ˆ', 2
'à¤¨à¤®à¥à¤¬à¤°', 2
'à¤¸à¥‡', 2
'attacked', 2
'sharing', 2
'wont', 2
'crush', 2
'lw', 2
'proof', 2
'heartedly', 2
'several', 2
'mind', 2
'thousands', 2
'dishonoring', 2
'crore', 2
'confirm', 2
'max', 2
'faces', 2
'ğŸ˜', 2
'least', 2
'ten', 2
'verify', 2
'ğŸ˜œ', 2
'release', 2
'interesting', 2
'including', 2
'battle', 2
'picking', 2
'scam', 2
'rajasthan', 2
'authorised', 2
'hesitate', 2
'fall', 2
'effective', 2
'probably', 2
'bharatsupportscaa', 2
'ğŸ˜‹', 2
'bangladeshi', 2
'urgent', 2
'2017-', 2
'releasethepressure', 2
'helpline', 2
'address', 2
'exam', 2
'related', 2
'mental', 2
'stress', 2
'2020-', 2
'overcome', 2
'pressure', 2
'irony', 2
'exactly', 2
'treated', 2
'23', 2
'fight', 2
'strengthen', 2
'wo', 2
'work', 2
'note', 2
'wake', 2
'writing', 2
'kotatragedy', 2
'narrative', 2
'creating', 2
'italian', 2
'newindia', 2
'starts', 2
'required', 2
'others', 2
'confidence', 2
'handle', 2
'needful', 2
'come-on', 2
'create', 2
'everybody', 2
'boost', 2
'priceless', 2
'ğŸ‘‡ğŸ‘‡', 2
'hence', 2
'dynamic', 2
'level', 2
'asks', 2
'provides', 2
'saturdaymotivation', 2
'fail', 2
'sane', 2
'saveindia', 2
'urbannaxals', 2
'according', 2
"hon'ble", 2
'another', 2
'shown', 2
'savarkar', 2
'tollfree', 2
'pathar', 2
'ram', 2
'ğŸš©', 2
'modigovt', 2
'malkajgiriparliamentconstituency', 2
'silently', 2
'goasupportscaa', 2
'hv', 2
'prosecuted', 2
'bjpitcell', 2
'caa-', 2
'enacted', 2
'objective', 2
'providing', 2
'completed', 2
'difference', 2
'wife', 2
'pride', 2
'millions', 2
'face', 2
'publish', 2
'-you', 2
'atğŸ‘‡ğŸ¼', 2
'watching', 2
'bottom', 2
'à¤¶à¥à¤°à¥€', 2
'dad', 2
'kal', 2
'diya', 2
'tha', 2
'arey', 2
'mere', 2
'dede', 2
'yogdaan', 2
'hona', 2
'humbly', 2
'ar', 2
'three', 2
'cab2019', 2
'à¤•à¥ƒà¤ªà¤¯à¤¾', 2
'à¤šà¥ˆà¤¨à¤²', 2
'à¤•à¥‹', 2
'à¤¦à¤¿à¤–à¤¾à¤“', 2
'defeat', 2
'hard', 2
'humble', 2
'big', 2
'violence', 2
'2-3', 2
'forget', 2
'gather', 2
'quickly', 2
'num', 2
'jammuandkashmir', 2
'invalid', 2
'ğŸ™ğŸ™ğŸ™ğŸ™ğŸ™', 2
'lucky', 2
'sha', 2
'gang', 2
'modified', 2
'aath', 2
'chey', 2
'requesting', 2
'general', 2
'individual', 2
'announces', 2
'rs', 2
'building', 2
'pov', 2
'respect', 2
'fridaymotivation', 2
'\u2066', 2
'coll', 2
'outreach', 2
'information*', 2
'prevent', 2
'posting', 2
'capt', 2
'ajit', 2
'vadakayil', 2
'ncp', 2
'takes', 2
'08866288662', 2
'truecaller', 2
'dialled', 2
'vandalism', 2
'feel', 2
'indiarejectscaa', 2
'google', 2
'visited', 2
'8', 2
'houses', 2
'jhuggi', 2
'lajpat', 2
'*caa*', 2
'misinformation', 2
'hot', 2
'found', 2
'mona', 2
'singh', 2
'pedakakani', 2
'ponnur', 2
'assembly', 2
'pradesh', 2
'unity', 2
'set', 2
'bringing', 2
'shows', 2
'brothel', 2
'modis', 2
'virtual', 2
'blow', 2
'spending', 2
'personal', 2
'mera', 2
'ni', 2
'balance', 2
'nahin', 2
'fans', 2
'anymore', 2
'absolutely', 2
'88661', 2
'hota', 2
'bored', 2
'together', 2
'heart', 2
'hated', 2
'à¤®à¤¿à¤¸', 2
'à¤•à¥‰à¤²', 2
'nankanasahibattacked', 2
'aganist', 2
'benefits', 2
'manner', 2
'post', 2
'reject', 2
'bomb', 2
'common', 2
'sense', 2
'à¤œà¤¯', 2
'ğŸ™miss', 2
'users', 2
'safety', 2
'fool', 2
'sonia', 2
'rahulgandhi', 2
'ummah', 2
'ghazwaehind', 2
'changing', 2
'demography', 2
'iphone', 2
'iran', 2
'seems', 2
'vendor', 2
'nanakanasahib', 2
'active', 2
'homeland', 2
'west', 2
'anarkli', 2
'empowers', 2
'trick', 2
'threats', 2
'human', 2
'similar', 2
'ğŸ‡®ğŸ‡³ğŸ‘³', 2
'hold', 2
'fleeing', 2
'2014', 2
'-2019', 2
'modishah', 2
'patriotic', 2
'kee', 2
'vande', 2
'mataram', 2
'88662-886', 2
'fattusena', 2
'shiv', 2
'sena', 2
'registering', 2
'young', 2
'001-91-', 2
'continuously', 2
'testimony', 2
"'national", 2
'concerned', 2
'endeavours', 2
'populationcontrollaw', 2
'eagerly', 2
'awaited', 2
'celebrates', 2
'welcoming', 2
'donesir', 2
'sabha', 2
'patel', 2
'based', 2
'reservation', 2
'tukde', 2
'call-', 2
'hqrs', 2
'challenge', 2
'sarkar', 2
'secretary', 2
'lover', 2
'abuzz', 1
'posts', 1
'clarifies', 1
'*pls', 1
'asshole', 1
'named', 1
'morghod', 1
'propagating', 1
'vasan', 1
'sunneka', 1
'mayne', 1
'app', 1
'mya', 1
'requst', 1
'kiya', 1
'infavour', 1
'à¦‡', 1
'received', 1
'photo', 1
'body', 1
'iron', 1
'unavailable', 1
'sambit', 1
'patra', 1
'citizenshiplaw', 1
'token', 1
'centre', 1
'wesupportnarendramodi', 1
'elites', 1
'turned', 1
'derogatory', 1
'wonder', 1
'suck', 1
'himalayan', 1
'ego', 1
'2nd', 1
'worst', 1
'left', 1
'libtards', 1
'her*', 1
'she*', 1
'misled', 1
'particularly', 1
'troll', 1
'army', 1
'*as', 1
'*i', 1
'befitting', 1
'inspite', 1
'picture', 1
'profile', 1
'bimbos', 1
'ducks', 1
'moota', 1
'kootam', 1
'ivaloodhan', 1
'vcknadagakadhalargal', 1
'neegalam', 1
'ipadithaan', 1
'nambivingala', 1
'multibagger', 1
'comments', 1
'disclosure', 1
'invested', 1
'mood', 1
'masti', 1
'wali', 1
'baaten', 1
'breaking', 1
'attend', 1
'ğŸ˜‚', 1
'miscalled-8866288662', 1
'iranattack', 1
'samantha', 1
'lazy', 1
'introducing', 1
'lewd', 1
'lure', 1
'call-in', 1
'callâ€¦call', 1
'vinita', 1
'past', 1
'noon', 1
'reasoning', 1
'waste', 1
'searching', 1
'ability', 1
'beyond', 1
'banks', 1
'amarsinghkarwan', 1
'however', 1
'stupid', 1
'pretty', 1
'available', 1
'course', 1
'confused', 1
'due', 1
'believing', 1
'information', 1
'makes', 1
'anti-national', 1
'registers', 1
'isis', 1
'ğŸ¤¯', 1
'wherever', 1
'becoming', 1
'pain', 1
'sometime', 1
'nonsense', 1
'border', 1
'fakenews', 1
'yahoocricket', 1
'cm', 1
'ncr', 1
'ğŸ“²', 1
'anywhere', 1
'world', 1
'citizencip', 1
'ammendment', 1
'respective', 1
'semester', 1
'questions', 1
'asap', 1
'educational', 1
'consultation', 1
'40mints', 1
'0', 1
'boloami', 1
'2999-', 1
'amozon', 1
'guysğŸ™', 1
'totally', 1
'slogans', 1
'otherwise', 1
'pok', 1
'jnu', 1
'ideologies', 1
'lastly', 1
'migrants', 1
'far', 1
'smart', 1
'knew', 1
'bait', 1
'wire', 1
'addressed', 1
'kamlam', 1
'facts', 1
'kicked', 1
'honour', 1
'mother', 1
'bloody', 1
'important', 1
'firstly', 1
'patience', 1
'paxtani', 1
'lovers', 1
'apne', 1
'bahar', 1
'nikal', 1
'rhe', 1
'jitne', 1
'jyda', 1
'karoge', 1
'utne', 1
'jyada', 1
'ğŸ', 1
'pata', 1
'chalega', 1
'celebs', 1
'nationals', 1
'pleased', 1
'inform', 1
'grave', 1
'danger', 1
'successfully', 1
'identified', 1
'sent', 1
'anti-nationalists', 1
'anti-nationalist', 1
'swear', 1
'notification', 1
'violation', 1
'article', 1
'14', 1
'21', 1
'ğŸ“call', 1
'modiantinational', 1
'rejectcaa', 1
'indiaagainstcaa', 1
'unconstitutional', 1
'antidote', 1
'kuch', 1
'saab', 1
'patake', 1
'phod', 1
'denge', 1
'hafte', 1
'tak', 1
'sub', 1
'aajayenge', 1
'syllabus', 1
'activity', 1
'vinti', 1
'sb', 1
'kii', 1
'en', 1
'yadi', 1
'unme', 1
'unki', 1
'current', 1
'sath', 1
'jaru', 1
'ğŸ‡®ğŸ‡³ğŸ‡®ğŸ‡³jai', 1
'unfollows', 1
'shift', 1
'nota', 1
'update', 1
'wondering', 1
'reg', 1
'soleimani', 1
'infact', 1
'tried', 1
'hotline', 1
'playing', 1
'separatist', 1
'left-wing', 1
'advertise', 1
'chatting', 1
'blame', 1
'lol', 1
'obtaining', 1
'caağŸ˜‚', 1
'method', 1
'gain', 1
'funniest', 1
'gullible', 1
'wan', 1
'indiaonlyagainstterrorist', 1
'gaddar', 1
'indianotagainsthindustanimusalman', 1
'akshaysupportscaa', 1
'impeached', 1
'ğŸ“²-', 1
'streets', 1
'ğŸ‘ğŸ‘8866288662', 1
'ghandi', 1
'direct', 1
'appointment', 1
'gotted', 1
'vipaksh', 1
'might', 1
'political', 1
'polls', 1
'â€“', 1
'atleast', 1
'blue', 1
'tick', 1
'pawan', 1
'durani', 1
'hours', 1
'mtlb', 1
'kuchh', 1
'jhoot', 1
'bss', 1
'kgfchapter2', 1
'valimai', 1
'boom', 1
'baam', 1
'10-15gb', 1
'limited', 1
'period', 1
'ğŸ’¥ğŸ‘‡ğŸ»ğŸ¤«', 1
'fraands', 1
'caa-lcium', 1
'shelcal', 1
'jackpot', 1
'ğŸ¤ ', 1
'expert', 1
'weekendkavaar', 1
'dream11', 1
'gl', 1
'winner', 1
'call8866288662tosupportcaa', 1
'else', 1
'month', 1
'amount', 1
'hyderabadmillionmarch', 1
'hyderabadagainstcaa', 1
'hyderabadprotest', 1
'hyderabad', 1
'location', 1
'restricted', 1
'woman', 1
'pic', 1
'attached', 1
'ğŸ‘†', 1
'ğŸ™jai', 1
'ramğŸ™', 1
'*indiasupportscaa*', 1
'mobilize', 1
'supra', 1
'intellectuals', 1
'honey', 1
'mingle', 1
'lured', 1
'fraudsters', 1
'granted', 1
'repeatedly', 1
'employing', 1
'treating', 1
'idiots', 1
'p*****b', 1
'oc', 1
'biriyani', 1
'quarter', 1
'strategy', 1
'blindly', 1
'knowing', 1
'ground', 1
'reality', 1
'ways', 1
'loafers', 1
'educated', 1
'amendement', 1
'created', 1
'bangaladesh', 1
'reflecting', 1
'view', 1
'tradation', 1
'run', 1
'receiving', 1
'friendsğŸ™', 1
'anjali', 1
'damania', 1
'beâ€¦', 1
'isupportmodiji', 1
'gon', 1
'property', 1
'domain', 1
'lust', 1
'deceit', 1
'completely', 1
'changed', 1
'naration', 1
'refrain', 1
'valur', 1
'ignore', 1
'yeh', 1
'dails', 1
'phone*', 1
'num-', 1
'picked', 1
'well-done', 1
'suppoting', 1
'chaman', 1
'chut*yeact', 1
'thisğŸ™‚', 1
'controlling', 1
'ğŸ‡®ğŸ‡³ğŸ‡®ğŸ‡³if', 1
'callğŸ‡®ğŸ‡³ğŸ‡®ğŸ‡³', 1
'publicised', 1
'musical', 1
'extent', 1
'mota', 1
'aayega', 1
'jiski', 1
'***nd', 1
'dum', 1
'rok', 1
'lo', 1
'usko', 1
'seen', 1
'development', 1
'wonders', 1
'electronic', 1
'booths', 1
'placing', 1
'elections', 1
'haha', 1
'multiple', 1
'ğŸ¤™ğŸ’', 1
'increase', 1
'investigated', 1
'everyday', 1
'low', 1
'regester', 1
'mudi', 1
'wapas', 1
'jao', 1
'anything', 1
'billow', 1
'liberandus', 1
'extra', 1
'begin', 1
'10-day', 1
'mass', 1
'sunday', 1
'mobilise', 1
'mis-call', 1
'phones', 1
'sims', 1
'poor', 1
'decent', 1
'ğŸ˜‚ğŸ˜‚ğŸ˜‚ğŸ˜‚ğŸ˜‚', 1
'saport', 1
'fromtwitter', 1
'apologies', 1
'mouthing', 1
'gaand', 1
'danda', 1
'chahte', 1
'knows', 1
'chill', 1
'lifelong', 1
'supply', 1
'onions', 1
'\U0001f9c5', 1
'marketing', 1
'growth', 1
'hack', 1
'bhar', 1
'toilets', 1
'jaake', 1
'poster', 1
'chipka', 1
'chaiye', 1
'denger', 1
'lived', 1
'sadhguru', 1
'v', 1
'still', 1
'ï½„ï½', 1
'ï½“ï½ˆï½ï½’ï½…', 1
'ï½”ï½ˆï½‰ï½“', 1
'ï½ï½…ï½“ï½“ï½ï½‡ï½…', 1
'ï½‰ï½”', 1
'ï½“', 1
'ï½†ï½’ï½ï½', 1
'ï½‰ï½“ï½ˆï½', 1
'ï½†ï½ï½•ï½ï½„ï½ï½”ï½‰ï½ï½', 1
'*some', 1
'apps*', 1
'whatsapp', 1
'*calls*', 1
'scene', 1
'foolproof', 1
'machchansğŸ˜', 1
'misscall-', 1
'info', 1
'friendship', 1
'*for', 1
'supporting*', 1
'*1-', 1
'*2-', 1
'8510022222*', 1
'*à¤œà¤¿à¤¨à¤•à¥‡', 1
'à¤ªà¤¾à¤¸', 1
'à¤¦à¥‹', 1
'à¤µà¥‹', 1
'à¤¦à¥‹à¤¨à¥‹à¤‚', 1
'à¤¦à¥‡à¤‚à¥¤*', 1
'burnt', 1
'buses', 1
'damaged', 1
'train', 1
'policemen', 1
'violent', 1
'democracy', 1
'meet', 1
'justin', 1
'bieber', 1
'ğŸ˜ƒğŸ˜„', 1
'protestors', 1
'case', 1
'emergency', 1
'lathi-danda', 1
'colgate', 1
'health', 1
'check-up', 1
'lusty', 1
'bhabhi', 1
'mocking', 1
'usğŸ¤¦', 1
'lend', 1
'notocaa', 1
'discovered', 1
'flaw', 1
'twice', 1
'welcome', 1
'accept', 1
'stating', 1
'offers', 1
'10of', 1
'start', 1
'manipulated', 1
'conversations', 1
'though', 1
'hijacked', 1
'masses', 1
'corrupt', 1
'bycottitcell', 1
'necessity', 1
'lives', 1
'fundamentalists', 1
'identity', 1
'faith', 1
'majdid', 1
'entire', 1
'shy', 1
'135', 1
'gurdwaranankanasahib', 1
'dere', 1
'influence', 1
'caact', 1
'worldwar3', 1
'crazy', 1
'air', 1
'force', 1
'claims', 1
'killed', 1
'iranian', 1
'military', 1
'opp', 1
'psuedo', 1
'bollywood', 1
'3rd', 1
'rate', 1
'dy', 1
'shd', 1
'tra', 1
'gui', 1
'illegalweapon2', 1
'à¤­à¥‚à¤®à¤¾à¤«à¤¿à¤¯à¤¾', 1
'à¤•à¤¾à¤‚à¤—à¥à¤°à¥‡à¤¸', 1
'suppot', 1
'itne', 1
'twit', 1
'hue', 1
'8866288562', 1
'date', 1
'chronology', 1
'samjiye', 1
'pehle', 1
'banauga', 1
'natak', 1
'karuga', 1
'banda', 1
'hu', 1
'log', 1
'khojuga', 1
'uske', 1
'baad', 1
'unke', 1
'dm', 1
'bhejuga', 1
'vo', 1
'karege', 1
'places', 1
'economy', 1
'calling*', 1
'idea', 1
'anonymous', 1
'traced', 1
'traceability', 1
'limit', 1
'precursor', 1
'surveillance', 1
'maybe', 1
'eventually', 1
'discrimination', 1
'telangana', 1
'luring', 1
'funny', 1
'schemes', 1
'weaken', 1
'screenshots', 1
'call-baits', 1
'label', 1
'mockery', 1
'narratives', 1
'stronger', 1
'wins', 1
'thinkğŸ™', 1
'thought', 1
'ğŸ˜‚ğŸ¤£ğŸ¤£ğŸ˜', 1
'desparation', 1
'hadd', 1
'hoti', 1
'keyword', 1
'nationwide', 1
'forwarding', 1
'stories', 1
'pretending', 1
'trap', 1
'unknowingly', 1
'à¤¬à¥‡à¤ˆà¤®à¤¾à¤¨', 1
'à¤¹à¥‹', 1
'à¤¤à¥à¤®-8866288662', 1
'platform', 1
'ğŸ‘‰ğŸ‘‰', 1
'understanding', 1
'courage', 1
'dare', 1
'100', 1
'rupees', 1
'paytm', 1
'linked', 1
'upi', 1
'nail', 1
'rohingya', 1
'muzlims', 1
'promise', 1
'gandhiji', 1
'separation', 1
'nehruliyaqatfailedcompo', 1
'tab', 1
'enter', 1
'amazingly', 1
'th', 1
'callsğŸ˜‚ğŸ˜‚ğŸ˜‚ğŸ˜­ğŸ˜­ğŸ˜­', 1
'devout', 1
'tip', 1
'ğŸ™ğŸ™ğŸ™ğŸ™ğŸ™ğŸ™ğŸ™ğŸ™ğŸ™', 1
'situation', 1
'badly', 1
'à¤¹à¥‚à¤ğŸ‡®ğŸ‡³', 1
'à¤¡à¤¾à¤¯à¤²', 1
'à¤•à¤¿à¤¯à¤¾', 1
'partition', 1
'ğŸ‡®ğŸ‡³ğŸ‡®ğŸ‡³ğŸ‡®ğŸ‡³ğŸ‡®ğŸ‡³ğŸ‡®ğŸ‡³ğŸ‡®ğŸ‡³ğŸ‡®ğŸ‡³ğŸ‡®ğŸ‡³ğŸ‡®ğŸ‡³ğŸ‡®ğŸ‡³ğŸ‡®ğŸ‡³', 1
'kannan', 1
'gopinath', 1
'jamiamilliaislamia', 1
'jamiaamufightback', 1
'jamiaprotests', 1
'aligarhmuslimuniversity', 1
'amu', 1
'bharti', 1
'ğŸ™ğŸ‡®ğŸ‡³ğŸ™', 1
'surprises', 1
'unconcerned', 1
'attitude', 1
'biggest', 1
'weakness', 1
'contacts', 1
'hinduhaterkejriwal', 1
'shameongandhies', 1
'shameonpakistan', 1
'misleading', 1
'fcunking', 1
'peeeps', 1
'id', 1
'gay', 1
'conveniently', 1
'supportive', 1
'passively', 1
'setting', 1
'perception', 1
'things', 1
'Â·i', 1
'ğŸ¤£ğŸ¤£ğŸ¤£', 1
'matter', 1
'closely', 1
'watched', 1
'deshkagauravmodi', 1
'vijayibharat', 1
'deshmodikesaath', 1
"'missed", 1
'whatever', 1
'upon', 1
'urgernt', 1
'30', 1
'sec', 1
'ministry', 1
'5k', 1
'laws', 1
'lying', 1
'within', 1
'saftey', 1
'lacs', 1
'instant', 1
'disbursal', 1
'ğŸ™ğŸ™ğŸ‡®ğŸ‡³ğŸ™ğŸ™', 1
'jam', 1
'traffic', 1
'loss', 1
'ğŸ†’', 1
'faced', 1
'prosecution', 1
'referendum', 1
'mala', 1
'fide', 1
'intention', 1
'confusion', 1
'children', 1
'prosperous', 1
'overwhelming', 1
'nationğŸ‡®ğŸ‡³', 1
'emotions', 1
'patriotism', 1
'wing', 1
'foot', 1
'soldiers', 1
'definitely', 1
'morale', 1
'pay', 1
'sushil', 1
'saraogi', 1
'digit', 1
'2018', 1
'mescoll', 1
'research', 1
'benefit', 1
'unanimously', 1
'neighbouring', 1
'protesters', 1
'ğŸ‘ğŸ‡®ğŸ‡³', 1
'sindhi', 1
'suprabhat', 1
'bhaarath', 1
'initiated', 1
'translate', 1
'taunts', 1
'call-8866288662', 1
'telanganasupportscaa', 1
'suppoer', 1
'plaese', 1
'form', 1
'amedment', 1
'cabbill2019', 1
'hearty', 1
'pranam', 1
'personally', 1
'strengthening', 1
'rama', 1
'rogues', 1
'antinationals', 1
'indiasupportscaağŸ‡®ğŸ‡³', 1
'saturday', 1
'countless', 1
'mijorities', 1
'caaantimodiconspiracy', 1
'number-', 1
'constitutionality', 1
'elected', 1
'shld', 1
'rejection', 1
'thru', 1
'isnt', 1
'ğŸ’ƒ', 1
'fridaythoughts', 1
'celebration', 1
'agarwal', 1
'youth', 1
'mahila', 1
'shakha', 1
'ladies', 1
'wesupportcab', 1
'wesupportnrc', 1
'jaya', 1
'à¬­à¬¦à­à¬°à¬•', 1
'supportnrc', 1
'supportcab', 1
'jose', 1
'hindustan', 1
'ab', 1
'samjha', 1
'amarinder', 1
'lagta', 1
'waise', 1
'hum', 1
'hamare', 1
'70', 1
'jab', 1
'pheke', 1
'congis', 1
'isupportcab', 1
'advance', 1
'imighyet', 1
'indiasupportsnrc', 1
'mised', 1
'carrying', 1
'survey', 1
"'ve", 1
'expressed', 1
'unconditional', 1
'ge2019', 1
'bros', 1
'contribution', 1
'pressing', 1
'muxlim', 1
'krke', 1
'wt', 1
'abt', 1
'onğŸ‘‰', 1
'kid', 1
'utter', 1
'nara', 1
'takbeer', 1
'pelt', 1
'*to', 1
"ma'am", 1
'early', 1
'birds', 1
'sensible', 1
'planet', 1
'earth', 1
'ğŸ‘‘', 1
'money', 1
'wealth', 1
'stardum', 1
'fem', 1
'retain', 1
'nrc-caa', 1
'plees', 1
'calk', 1
'supprt', 1
'suffered', 1
'anyway', 1
'cong', 1
'mummy', 1
'papa', 1
'airjeeğŸ‘ğŸ»', 1
'hindğŸ‡®ğŸ‡³', 1
'nagriktha', 1
'keliye', 1
'ğŸ‡®ğŸ‡³india', 1
'trust', 1
'victims', 1
'afghanis', 1
'indiasuppotscaa', 1
'karma', 1
'raho', 1
'fal', 1
'asha', 1
'mat', 1
'rakho', 1
'tweeter', 1
'slap', 1
'definerky', 1
'ğŸ™ğŸ»ğŸ‡®ğŸ‡³ğŸ™ğŸ»', 1
'mean', 1
'daily', 1
'facing', 1
'islamists', 1
'shak', 1
'prevail', 1
'empathy', 1
'peace', 1
'piece', 1
'à¤—à¥à¤‚à¤¡à¥‹à¤‚', 1
'à¤•à¤¾à¤²', 1
'à¤¯à¥‹à¤—à¥€', 1
'obliged', 1
'mamtadidi', 1
'kejriwal', 1
'indiasupport', 1
'thx', 1
'pleaseğŸ™', 1
'8866288662ğŸ™ğŸ™', 1
'supportpm', 1
'indiasupportsca', 1
'cll', 1
'boon', 1
'massacre', 1
'behalf', 1
'well-wishers', 1
'ringed', 1
'automatically', 1
'disconnected', 1
'feels', 1
'ğŸ‘ğŸ‘', 1
'neighbours', 1
'dailing', 1
'misinform', 1
'vested', 1
'interests', 1
'uniform', 1
'civil', 1
'hell', 1
'dediya', 1
'ğŸ‘ğŸ‘ğŸ‘ŒğŸ‘Œ', 1
'ble', 1
'shahji', 1
'success', 1
'stones', 1
'muhim', 1
'zyada', 1
'belonging', 1
'hinduphobes', 1
'haters', 1
'plain', 1
'-via', 1
'dialling', 1
'governments', 1
'jiğŸ™ğŸ™ğŸ™ğŸ™', 1
'jara', 1
'npa', 1
'unable', 1
'extending', 1
'complaint', 1
'resolve', 1
'bharatiya', 1
'janata', 1
'nu', 1
'raily', 1
'ind', 1
'jammukashmir', 1
'jammucity', 1
'sincere', 1
'efforts', 1
'tinsukia', 1
'assam', 1
'routes', 1
'beacouse', 1
'city', 1
'kudos', 1
'motabhairoxx', 1
'motabhai', 1
'motabhairocks', 1
'supp', 1
'connect', 1
'hahahaha', 1
'unleashed', 1
'sponsored', 1
'tukde-tukde', 1
'fizzled', 1
'realising', 1
'virtues', 1
'misd', 1
'wa', 1
'ğŸ¤—', 1
'ğŸ™fast', 1
'numberğŸ‘‡', 1
'amitshahonabpnews', 1
'kreğŸ¤—', 1
'render', 1
'mofi', 1
'khule', 1
'aam', 1
'poll', 1
'rigging', 1
'homeminister', 1
'denial', 1
"'referendum", 1
'bÄngÄl', 1
'unequivocally', 1
'tortured', 1
'bangla', 1
'miss-calls', 1
'donate', 1
'donation', 1
'101', 1
'word', 1
'bengalwithcaa', 1
'ğŸ™ğŸ™ğŸ™ğŸ•‰ï¸ğŸ•‰ï¸ğŸ•‰ï¸ğŸš©ğŸš©ğŸš©ğŸ‡®ğŸ‡³ğŸ‡®ğŸ‡³ğŸ‡®ğŸ‡³', 1
'differ', 1
'disrepect', 1
'views', 1
'pakistanihindu', 1
'ğŸ‘ˆğŸ˜', 1
'indiasupportcaanpr', 1
'goasupportcaa', 1
'mo', 1
'ï¿¼', 1
'hereby', 1
'citizenshipact', 1
'citizenshipbill', 1
'kr', 1
'den', 1
'jiâ¤', 1
'invaluable', 1
'caağŸ‘', 1
'à¤¨à¤¾à¤—à¤°à¤¿à¤•à¤¤à¤¾', 1
'à¤¸à¤‚à¤¶à¥‹à¤§à¤¨', 1
'à¤•à¤¾à¤¨à¥‚à¤¨', 1
'isko', 1
'iss', 1
'â¡ï¸', 1
'suppoted', 1
'indiasupports', 1
'indianarmy', 1
'caaislamistlinkprobe', 1
'nameï¼šc', 1
'phoneï¼š8866288662ï¼›', 1
'localbodyelectionresults', 1
'feedback', 1
'appreciated', 1
'sit', 1
'tamilnadu', 1
'dmk', 1
'tnsupportscaa', 1
'caamissedcall', 1
'bolstering', 1
'nation-wide', 1
'evening', 1
'contentious', 1
'provision', 1
'communique', 1
'keralasupportcaa', 1
'antinationlist', 1
'guiding', 1
'minster', 1
'hindğŸ™', 1
'releases', 1
'staying', 1
'place', 1
'establish', 1
'standard', 1
'practice', 1
'prior', 1
'stakeholder', 1
'confirmation', 1
'bills', 1
'democratic', 1
'loud', 1
'hijacking', 1
'silent', 1
'submit', 1
'court', 1
'achieved', 1
'copying', 1
'report', 1
'rest', 1
'took', 1
'cheated', 1
'kab', 1
'khoon', 1
'khaulega', 1
'tera', 1
'jnuviolence', 1
'jnuattack', 1
'abvpviolenceinjnu', 1
'genuinely', 1
'genuine', 1
'risk', 1
'discredited', 1
'xxxxxxx', 1
'circumstances', 1
'bigger', 1
'lie', 1
'â¤8866288662', 1
'delhiwithbjp', 1
'-2', 1
'explaining', 1
'residents', 1
'nations', 1
'benifit', 1
'residing', 1
'outside', 1
'tirupati', 1
'interacted', 1
'dispel', 1
'urged', 1
'helpful', 1
'freebies', 1
'counted', 1
'receives', 1
'nrcagainsthindus', 1
'modilies', 1
'katyayan', 1
'bjpbribesbollywood', 1
'anuragkashyap', 1
'business', 1
'anurag', 1
'kashyap', 1
'mocks', 1
"'call", 1
'singles', 1
'88662-87662', 1
'powerful', 1
'assuming', 1
'belonged', 1
'intelligent', 1
'anarkali', 1
'career', 1
'soft', 1
'punjabi', 1
'trimmed', 1
'hair', 1
'sikh', 1
'ravinder', 1
'shot', 1
'dead', 1
'peshawar', 1
'ethnic', 1
'cleansing', 1
'kakani', 1
'needs', 1
'known', 1
'venigandla', 1
'sri', 1
'sivaswami', 1
'villagers', 1
'irrespective', 1
'religion', 1
'find', 1
'expose', 1
'patriot', 1
'loves', 1
'mbl', 1
'endorses', 1
'bd', 1
'afgh', 1
'jobafter', 1
'dickhead', 1
'caaawareness', 1
'workshops', 1
'door-to-door', 1
'break', 1
'citizenshipamendementact', 1
'insupportofnrc', 1
'insupportofcaa', 1
'dude', 1
'justification', 1
'verified', 1
'instantly', 1
'isleye', 1
'hua', 1
'kyuki', 1
'dusre', 1
'islam', 1
'jihad', 1
'understands', 1
'abhi', 1
'kabhi', 1
'die', 1
'*gives', 1
'number*', 1
'*after', 1
'reading', 1
'88662*', 1
'pandit', 1
'award', 1
'dedicating', 1
'god', 1
'movies', 1
'disgusting', 1
'film', 1
'maker', 1
'indiağŸ‡®ğŸ‡³ğŸ‡®ğŸ‡³ğŸ‡®ğŸ‡³my', 1
'indiağŸ‡®ğŸ‡³each', 1
'sympathy', 1
'hightime', 1
'righttime', 1
'section', 1
'declared', 1
'unreliable', 1
'afg-ban-pak', 1
'fools', 1
'drama', 1
'passing', 1
'upper', 1
'house', 1
'aise', 1
'pass', 1
'ya', 1
'isse', 1
'koi', 1
'fark', 1
'padne', 1
'wala', 1
'weekend', 1
'borrow', 1
'reaction', 1
'af-pak-bâ€¦', 1
'able', 1
'statement', 1
'siddhu', 1
'burns', 1
'sleepless', 1
'nights', 1
'increases', 1
'burn', 1
'continue', 1
'2024', 1
'paper', 1
'ğŸ“ğŸ“²', 1
'gaandi', 1
'-tw', 1
'didi', 1
'repeat', 1
'nanakanasahibattack', 1
'incident', 1
'à¤•à¤°', 1
'à¤¦à¥‡', 1
'at8866288662', 1
'stood', 1
'donot', 1
'embarrass', 1
'differnt', 1
'helping', 1
'urban', 1
'naxals', 1
'buddha', 1
'christian', 1
'ğŸ™ğŸ™à¤œà¤¯', 1
'à¤°à¤¾à¤®', 1
'â›³ï¸', 1
'âœŠ', 1
'brother', 1
'facebook', 1
'feed', 1
'circulated', 1
'consent', 1
'bjptrap', 1
'somebody', 1
'messaged', 1
'woofooo', 1
'ğŸ¤©ğŸ¥°ğŸ¤—ğŸ˜Š', 1
'connected', 1
'time-bomb', 1
'reaches', 1
'certain', 1
'timer', 1
'blast', 1
'diffuse', 1
'ğŸ˜Œ', 1
'chalo', 1
'meri', 1
'ğŸ˜‰', 1
'88662indiasupportscaa', 1
'titilate', 1
'senses', 1
'although', 1
'none', 1
'enlighten', 1
'à¤¶à¥à¤°à¥€à¤°à¤¾à¤®', 1
'enough', 1
'fraud', 1
'stay', 1
'nro', 1
'purposes', 1
'humor', 1
'insecured', 1
'babies', 1
'tv', 1
'series', 1
'exposÃ©', 1
'ğŸ™„', 1
'mischievous', 1
'trolls', 1
'discredit', 1
'alia', 1
'bhatt', 1
'88662â€“88662', 1
'aliabhatt', 1
'88662supportscaa', 1
'whoever', 1
'withdraw', 1
'lif', 1
'thinks', 1
'failed', 1
'communicate', 1
'tactic', 1
'hacked', 1
'10000rs', 1
'debited', 1
'trusted', 1
'ranga', 1
'billa', 1
'looted', 1
'fooled', 1
'jaldi', 1
'vali', 1
'aapki', 1
'pushte', 1
'di', 1
'payengi', 1
'phir', 1
'relative', 1
'respond', 1
'shree', 1
'cal', 1
'alone', 1
'nmber', 1
'whateverğŸ˜•', 1
'portal', 1
'particular', 1
'employed', 1
'antinationalmodia', 1
'ravishkumar', 1
'incidentally', 1
'pakoda', 1
'congressi', 1
'masturbate', 1
'son', 1
'rajivgandhi', 1
'ğŸ‘†ğŸ»ğŸ“ğŸ¤™ğŸ“±', 1
'yamunapathak', 1
'bjpleader', 1
'loyalty', 1
'sharia', 1
'quietly', 1
'dhruv', 1
'rathee', 1
'squad', 1
'give-away', 1
'winners', 1
'listing', 1
'hurry', 1
'worldwariii', 1
'usirantension', 1
'okkk', 1
'doneğŸ‘', 1
'contd', 1
'kejriwaltondtv', 1
'subsidies', 1
'housing', 1
'foreign', 1
'illegally', 1
'72', 1
'years', 1
'priority', 1
'collect', 1
'effect', 1
'15lac', 1
'credited', 1
'hmo', 1
'mamata', 1
'barking', 1
'2021', 1
'idol', 1
'guess', 1
'popular', 1
'services', 1
'eye', 1
'suggested', 1
'elders', 1
'sistersğŸ™', 1
'stateless', 1
'31-12-2014', 1
'attention', 1
'scheme', 1
'tactics', 1
'chart', 1
'grow', 1
'terrorism', 1
'à¤œà¤¿à¤¹à¤¾à¤¦à¥€', 1
'motivated', 1
'200', 1
'shias', 1
'baloch', 1
'balochistan', 1
'independence', 1
'ahmadiyyas', 1
'everywhere', 1
'guarantee', 1
'66882', 1
'alert', 1
'lift', 1
'uh', 1
'fate', 1
'awaiting', 1
'nonmuslims', 1
'exceeds', 1
'50', 1
'supportğŸ‘†ğŸ¼call', 1
'rs1', 1
'medical', 1
'expenses', 1
'-88662', 1
']', 1
'missing', 1
'types', 1
'millennials', 1
'booty', 1
'book', 1
'favors', 1
'witnessed', 1
'jihadis', 1
'anticaaprotests', 1
'luv4india', 1
'breakingindiaforces', 1
'misuse', 1
'relate', 1
'vulgarity', 1
'okay', 1
'wanting', 1
'urgently', 1
"'real", 1
'advocate', 1
'p', 1
'applicable', 1
'virtual-world', 1
'woke', 1
'kinds', 1
'918866288662', 1
'allowed', 1
'thro', 1
'protection', 1
'8ğŸ’“8ğŸ’“6ğŸ’“6ğŸ’“2ğŸ’“8ğŸ’“8ğŸ’“6ğŸ’“6ğŸ’“2', 1
'8ğŸ§¡8ğŸ§¡6ğŸ§¡6ğŸ§¡2ğŸ§¡8ğŸ§¡8ğŸ§¡6ğŸ§¡6ğŸ§¡2', 1
'8ğŸ’š8ğŸ’š6ğŸ’š6ğŸ’š2ğŸ’š8ğŸ’š8ğŸ’š6ğŸ’š6ğŸ’š2', 1
'8ğŸ’›8ğŸ’›6ğŸ’›6ğŸ’›2ğŸ’›8ğŸ’›8ğŸ’›6ğŸ’›6ğŸ’›2', 1
'8ğŸ’œ8ğŸ’œ6ğŸ’œ6ğŸ’œ2ğŸ’œ8ğŸ’œ8ğŸ’œ6ğŸ’œ6ğŸ’œ2', 1
'8â£ï¸8â£ï¸6â£ï¸6â£ï¸2â£ï¸8â£ï¸8â£ï¸6â£ï¸6â£ï¸2', 1
'forever', 1
'ğŸ˜…ğŸ˜…ğŸ˜…', 1
'thus', 1
'told', 1
'hereinafter', 1
'regards', 1
'8866288662ğŸ“', 1
'certainly', 1
'damaging', 1
'kafirs', 1
'infidal', 1
'warned', 1
'ghajwa-e-hind', 1
'deducts', 1
'5rs', 1
'pre-paid', 1
'paid', 1
'looks', 1
'extension', 1
'2019brought', 1
'chats', 1
'undo', 1
'historical', 1
'blunder', 1
'ğŸ˜€', 1
'false', 1
'hashtags', 1
'mistakes', 1
'quite', 1
'original', 1
'derail', 1
'8866288662-call', 1
'humour', 1
'soniagandhi', 1
'priyankagandhi', 1
'display', 1
'mist', 1
'zeenews', 1
'ğŸš©ğŸš©', 1
'nrcğŸš©ğŸš©', 1
'à¤à¥‚à¤ à¥€', 1
'à¤…à¤«à¤µà¤¾à¤¹à¥‹', 1
'à¤¬à¤šà¥‡à¥¤', 1
'à¤•à¤°à¥‡à¤‚à¥¤', 1
'filled', 1
'evil', 1
'nankana', 1
'sahab', 1
'isupportscaa', 1
'88662-88â€¦', 1
'enemies', 1
'hate', 1
'guts', 1
'achievements', 1
'Â±91-8866288662', 1
'complain', 1
'atrocities', 1
'pidis', 1
'hang', 1
'rangabilla', 1
'kungfukuttha', 1
'rts', 1
'mainoshreetweets', 1
'on8866288662', 1
'registered', 1
'alternate', 1
'subscribe', 1
'ğŸ“±8866288662', 1
'ban', 1
'antinational', 1
'dec', 1
'31', 1
'worldwarthree', 1
'saturdaythoughts', 1
'trumpswar', 1
'madam', 1
'fighting', 1
'10-15', 1
'yrs', 1
'*important', 1
'programs', 1
'rallies', 1
'encourage', 1
'indiasupportscaai', 1
'yor', 1
'fo', 1
'yuu', 1
'yorr', 1
'ğŸ¤™ğŸ»', 1
'protecting', 1
'alarming', 1
'secured', 1
'indiasuperpower2020', 1
'ğŸ‡®ğŸ‡³ğŸ‡®ğŸ‡³ğŸ‡®ğŸ‡³ğŸ‘ğŸ™ğŸ™ğŸ™', 1
'88652', 1
'88866288662', 1
'banu', 1
'throw', 1
'jidadi', 1
'bharatiyas', 1
'bharatmatakijai', 1
'8866288662ğŸ™ğŸ»', 1
'hour', 1
'aandolan', 1
'91-8866288662', 1
'december31', 1
'excellent', 1
'boss', 1
'originator', 1
'sainik', 1
'rethink', 1
'shivsena', 1
'core', 1
'values', 1
'credentials', 1
'insults', 1
'suggestions', 1
'changes', 1
'habits', 1
'style', 1
'humbharatkelog', 1
'advakshaymadanbjp', 1
'imran', 1
'khan', 1
'niazi', 1
'coz', 1
'responsible', 1
'imrankhan', 1
'self', 1
'boots', 1
'gandhiz', 1
'indiasupportscab', 1
'ğŸ™ğŸš©ğŸ‡®ğŸ‡³', 1
'followback', 1
'blood', 1
'gcc', 1
'gulf', 1
'co-operation', 1
'council', 1
'oman', 1
'uae', 1
'saudiarabia', 1
'bahrain', 1
'qatar', 1
'kuwait', 1
'yemen', 1
'bank', 1
'unit', 1
'appealed', 1
'ladakh', 1
'updates', 1
'visionary', 1
'011-91-8866288662', 1
'proclaim', 1
'75', 1
'archana', 1
'kapur', 1
'panchkula', 1
'indialovesmodi', 1
'paki', 1
'farhanakhtar', 1
'gauaharkhan', 1
'humaqureshi', 1
'indiawithcaa', 1
'à¤†à¤¨à¥‡', 1
'à¤µà¤¾à¤²à¤¾', 1
'bjpmembership', 1
'offensive', 1
'dial8866288662', 1
'embedded', 1
'precious', 1
'amitshahinjodhpur', 1
'modihaitohmumkinhai', 1
'lokasabha', 1
'varanasi', 1
'replaced', 1
'days', 1
'à¤¹à¤¿à¤‚à¤¦', 1
'return', 1
'rebirth', 1
'sardar', 1
'ğŸ‡®ğŸ‡³ğŸ‡®ğŸ‡³âœŠ', 1
'burning', 1
'actual', 1
'pulse', 1
'protected', 1
'karnatakawelcomesmodi', 1
'complete', 1
'demand', 1
'eradicate', 1
'cast', 1
'implement', 1
'econimic', 1
'conditions', 1
'savemeritsavenation', 1
'wish', 1
'raise', 1
'opppps', 1
'network', 1
'error', 1
'errorğŸ˜”', 1
'indiasupportscaağŸ‡®ğŸ‡³ğŸ‡®ğŸ‡³ğŸ‡®ğŸ‡³', 1
'usa', 1
'caabill2019', 1
'pit', 1
'ğŸ˜‚ğŸ”¥', 1
'karne', 1
'es', 1
'spokesperson', 1
'sudhanshu', 1
'sirğŸ‘ğŸ‘ğŸ‘Œ', 1
'à¤•à¤°à¥‡à¤‚', 1
'ngr', 1
'less', 1
'rr', 1
'arun', 1
'bata', 1
'raha', 1
'mumbai', 1
'anounce', 1
'namo', 1
'cant', 1
'senior', 1
'headquarters', 1
'immediatly', 1
'peopleğŸ™', 1
'rememeber', 1
'ğŸ™those', 1
'injustice', 1
'proudindian', 1
'joginder', 1
'alongwith', 1
'ajay', 1
'saklani', 1
'district', 1
'treasurer', 1
'roshan', 1
'lal', 1
'thakur', 1
'campaigned', 1
'lad', 1
'bharol', 1
'balotu', 1
'town', 1
'rajya', 1
'launching', 1
'bjp4andhra', 1
'bjp4telangana', 1
'jpnadda', 1
'fridayfeeling', 1
'circulate', 1
'spend', 1
'dd', 1
'authentic', 1
'space', 1
'bengalsupportscaa', 1
'inorder', 1
'togetherâœŠ', 1
'88662-8862', 1
'indiasupportcab', 1
'connecting', 1
'ğŸ¤³ğŸ¤³', 1
'bjpmp', 1
'faizahmedfaiz', 1
'toofan', 1
'iitkanpur', 1
'saraalikhan', 1
'gobackmodi', 1